{
  "$schema": "http://json-schema.org/draft-04/schema#",
  "type": "object",
  "properties": {
    "searchCriteria": {
      "type": "object",
      "properties": {
        "emailAddress": {
          "type": "string"
        },
        "dateOfBirth": {
          "type": "string"
        },
        "zipCode": {
          "type": "string"
        },
        "providerType": {
          "type": "string",
          "default": "BW",
          "enum": [
            "BW"
          ]
        }
      },
      "required": [
        "providerType"
      ]
    }
  },
  "required": [
    "searchCriteria"
  ]
}