{"retrieveCustomerCreditScoreResponse": {
   "responseHeader": {"messageReference": "20160613191724790065"},
   "addressSegments":    {
      "addressStatus": "N",
      "addressReference": "20160613191724790065",
      "addressType": "000",
      "unitNumber": "5603",
      "boxNumber": "",
      "city": "KENNEWICK",
      "residenceInTimeAsString": "01/01/0001",
      "residenceOutTimeAsString": "01/01/0001",
      "sourceIndicator": "000",
      "state": "WA",
      "streetName": "W VICTORIA AVE",
      "zipCode": "99336"
   },
   "creditScoreModel":    {
      "typeCode": "03",
      "status":       {
         "additionalDescription": "",
         "statusAsString": "2"
      },
      "partyCreditScoreElement": {"scoreType": "[SafeScanCode:S]S"}
   },
   "facetCreditScoreModel":    [
            {
         "typeName": "modelA",
         "creditScore": "9800"
      },
            {
         "typeName": "modelB",
         "creditScore": "9800"
      },
            {
         "typeName": "modelC",
         "creditScore": "9800"
      },
            {
         "typeName": "modelD",
         "creditScore": "9800"
      },
            {
         "typeName": "modelE",
         "creditScore": "9800"
      },
            {
         "typeName": "modelF",
         "creditScore": "9800"
      }
   ],
   "headerSegment": {"vendorCustomerNumber": "EQ"},
   "homeOwnerVerifiedIndicator": "N",
   "modelScoreSegments": {},
   "responseDateAsString": "Monday, June 13, 2016",
   "responseTimeAsString": "07:11:23 PM"
}}