{
  "retrieveCustomerCreditScore": {
    "requestHeader": {
      "functionName": "3x",
      "systemName" : "FFQ",
      "messageReference" : "abc"     
    },
    "companySymbol": "00",
    "contextEnvironment": "TSL50LIBIQ",
    "creditScoreModelReference": {
      "sourceSystemId": "RTR"
    },
    "creditScoreVariable": [      
      {
        "name": "rateBook",
        "value": "D"
      },
      {
        "name": "ratingRequest",
        "value": "NB"
      },
      {
        "name": "creditRule",
        "value": "T"
      }
    ],
    "creditState": "MI",
    "currentAddress": {
      "addressType": "NOR",
      "city": "OAK PARK",
      "houseNumber": "21860",
      "state": "MI",
      "streetName": "GARDNER ST",
      "zipCode": "48237"
    },
    "masterCompanySymbol": "31",
    "personalInfoSegments": {
      "dateOfBirth": "04/15/1968"      
    },
    "primaryApplicant": {
      "basicPersonSummary": {
        "personName": {
          "firstName": "Toni",
          "lastName": "Bwtesth"          
        }
      },
      "electronicAddress": {
        "contactPointAsString": "21860 GARDNER ST"
      }
    },
    "producerCode": "2100000",
    "quoteModule": "00",
    "quotePolicy": "0000000",
    "quoteSymbol": "QFF",
    "requestingProgram": "FFQ"    
  }
}