{"retrieveCustomerCreditScoreResponse": {
   "responseHeader":    {
      "messageReference": "1342197731806415416",
      "code": "",
      "context": "",
      "description": ""
   },
   "addressSegments":    {
      "addressStatus": "",
      "addressType": "NOR",
      "unitNumber": "",
      "boxNumber": "",
      "city": "OAK PARK                      ",
      "dateReported": "20160613  ",
      "houseNumber": "21860     ",
      "postDirectional": "",
      "preDirection": "",
      "ruralRouteNumber": "",
      "sourceIndicator": "000",
      "state": "MI",
      "streetName": "GARDNER ST                    ",
      "streetType": "",
      "timeAtResidence": "",
      "zipCode": "48237     "
   },
   "companySymbol": "",
   "creditScoreModel": {"status":    {
      "additionalDescription": "",
      "statusAsString": "1",
      "state": ""
   }},
   "creditScoreVariable": [{"name": "module"}],
   "facetCreditScoreModel":    [
      {"typeName": "scoreA"},
      {"typeName": "scoreC"},
      {"typeName": "scoreD"},
      {"typeName": "scoreG"}
   ],
   "headerSegment":    {
      "vendorAlert": "",
      "vendorCustomerNumber": "TS",
      "vendorQualifier": "",
      "vendorSource": ""
   },
   "homeOwnerVerifiedIndicator": "N",
   "masterCompanySymbol": "",
   "modelScoreSegments":    {
      "scoreReasonCode1": "",
      "scoreReasonCode2": "",
      "scoreReasonCode3": ""
   },
   "primaryApplicant": {"basicPersonSummary": {"person": {"occupations": {"comments": ""}}}},
   "producerCode": ""
}}