{
  "retrieveCustomerCreditScore": {
    "requestHeader": {
      "functionName": "2x",
      "systemName": "FFQ",
      "messageReference": "abc"
    },
    "additionalCreditScoreType": "IT",
    "callingIdentifier": "IT",
    "companySymbol": "00",
    "contextEnvironment": "IT",
    "creditRequestType": "IT",
    "creditScoreModelReference": {
      "sourceSystemId": "RTR"
    },
    "creditScoreVariable": [
      {
        "name": "Persisted",
        "value": "false"
      },
      {
        "name": "rateBook",
        "value": "M"
      },
      {
        "name": "isFFQ",
        "value": "true"
      },
      {
        "name": "ratingRequest",
        "value": "0"
      }
    ],
    "creditState": "WA",
    "currentAddress": {
      "city": "KENNEWICK",
      "houseNumber": "5603",
      "state": "WA",
      "streetName": "W VICTORIA AVE",
      "zipCode": "99336",
      "addressStatus": "Y"
    },
    "masterCompanySymbol": "29",
    "personalInfoSegments": {
      "age": "12",
      "dateOfBirth": "10/02/1980",
      "socialSecurityNumber": "666496353"
    },
    
    "previousAddress": {
      "city": "LA",
      "state": "LA",
      "zipCode": "12356",
      "boxNumber": "aad",
      "preDirection": "dddd",
      "streetName": "asd ",
      "addressType": "asd",
      "houseNumber": "vas"
    },
    "primaryApplicant": {
      "previousTelephoneNumber": {
        "contactPointAsString":"1111111"
      },    
      "basicPersonSummary": {
        "enterpriseCustomerNumber": "123",
        "enterpriseCustomerPassword": "123",
        "personName": {
          "firstName": "IRVING",
          "lastName": "BARAJAS",
          "middleName": "MM"
        }
      },
      "electronicAddress": {
        "contactPointAsString": "1111111"
      },
      "telephoneNumber": {
        "contactPointAsString": "1111111"
      }
    },
    "producerCode": "4600000",
    "quoteModule": "string",
    "quotePolicy": "asd",
    "quoteSymbol": "type",
    "requestingProgram": "FFQ",
    "serverIdentifier": "FFQ"
  }
}