{
    "$schema": "http://json-schema.org/draft-04/schema#",
    "definitions": {},
    "id": "http://example.com/example.json",
    "properties": {
        "claim": {
            "id": "/properties/claim",
            "properties": {
                "claimReferenceId": {
                    "id": "/properties/claim/properties/claimReferenceId",
                    "type": "string"
                },
                "contacts": {
                    "id": "/properties/claim/properties/contacts",
                    "items": {
                        "id": "/properties/claim/properties/contacts/items",
                        "properties": {
                            "FirstName": {
                                "id": "/properties/claim/properties/contacts/items/properties/FirstName",
                                "type": "string"
                            },
                            "address": {
                                "id": "/properties/claim/properties/contacts/items/properties/address",
                                "items": {
                                    "id": "/properties/claim/properties/contacts/items/properties/address/items",
                                    "properties": {
                                        "addressLines": {
                                            "id": "/properties/claim/properties/contacts/items/properties/address/items/properties/addressLines",
                                            "type": "string"
                                        },
                                        "city": {
                                            "id": "/properties/claim/properties/contacts/items/properties/address/items/properties/city",
                                            "type": "string"
                                        },
                                        "country": {
                                            "id": "/properties/claim/properties/contacts/items/properties/address/items/properties/country",
                                            "type": "string"
                                        },
                                        "postalCode": {
                                            "id": "/properties/claim/properties/contacts/items/properties/address/items/properties/postalCode",
                                            "type": "string"
                                        },
                                        "state": {
                                            "id": "/properties/claim/properties/contacts/items/properties/address/items/properties/state",
                                            "type": "string"
                                        }
                                    },
                                    "type": "object"
                                },
                                "type": "array"
                            },
                            "contactReferenceId": {
                                "id": "/properties/claim/properties/contacts/items/properties/contactReferenceId",
                                "type": "string"
                            },
                            "email": {
                                "id": "/properties/claim/properties/contacts/items/properties/email",
                                "type": "string"
                            },
                            "fax": {
                                "id": "/properties/claim/properties/contacts/items/properties/fax",
                                "type": "string"
                            },
                            "lastName": {
                                "id": "/properties/claim/properties/contacts/items/properties/lastName",
                                "type": "string"
                            },
                            "middleName": {
                                "id": "/properties/claim/properties/contacts/items/properties/middleName",
                                "type": "string"
                            },
                            "personRole": {
                                "id": "/properties/claim/properties/contacts/items/properties/personRole",
                                "type": "string"
                            },
                            "phone": {
                                "id": "/properties/claim/properties/contacts/items/properties/phone",
                                "type": "string"
                            },
                            "properties": {
                                "id": "/properties/claim/properties/contacts/items/properties/properties",
                                "items": {
                                    "id": "/properties/claim/properties/contacts/items/properties/properties/items",
                                    "properties": {
                                        "address": {
                                            "id": "/properties/claim/properties/contacts/items/properties/properties/items/properties/address",
                                            "items": {
                                                "id": "/properties/claim/properties/contacts/items/properties/properties/items/properties/address/items",
                                                "properties": {
                                                    "addressLines": {
                                                        "id": "/properties/claim/properties/contacts/items/properties/properties/items/properties/address/items/properties/addressLines",
                                                        "type": "string"
                                                    },
                                                    "city": {
                                                        "id": "/properties/claim/properties/contacts/items/properties/properties/items/properties/address/items/properties/city",
                                                        "type": "string"
                                                    },
                                                    "country": {
                                                        "id": "/properties/claim/properties/contacts/items/properties/properties/items/properties/address/items/properties/country",
                                                        "type": "string"
                                                    },
                                                    "postalCode": {
                                                        "id": "/properties/claim/properties/contacts/items/properties/properties/items/properties/address/items/properties/postalCode",
                                                        "type": "string"
                                                    },
                                                    "state": {
                                                        "id": "/properties/claim/properties/contacts/items/properties/properties/items/properties/address/items/properties/state",
                                                        "type": "string"
                                                    }
                                                },
                                                "type": "object"
                                            },
                                            "type": "array"
                                        },
                                        "propertyReferenceId": {
                                            "id": "/properties/claim/properties/contacts/items/properties/properties/items/properties/propertyReferenceId",
                                            "type": "string"
                                        },
                                        "vehicle": {
                                            "id": "/properties/claim/properties/contacts/items/properties/properties/items/properties/vehicle",
                                            "properties": {
                                                "isvehicleDrivable": {
                                                    "id": "/properties/claim/properties/contacts/items/properties/properties/items/properties/vehicle/properties/isvehicleDrivable",
                                                    "type": "string"
                                                },
                                                "make": {
                                                    "id": "/properties/claim/properties/contacts/items/properties/properties/items/properties/vehicle/properties/make",
                                                    "type": "string"
                                                },
                                                "model": {
                                                    "id": "/properties/claim/properties/contacts/items/properties/properties/items/properties/vehicle/properties/model",
                                                    "type": "string"
                                                },
                                                "vin": {
                                                    "id": "/properties/claim/properties/contacts/items/properties/properties/items/properties/vehicle/properties/vin",
                                                    "type": "string"
                                                },
                                                "year": {
                                                    "id": "/properties/claim/properties/contacts/items/properties/properties/items/properties/vehicle/properties/year",
                                                    "type": "string"
                                                }
                                            },
                                            "type": "object"
                                        }
                                    },
                                    "type": "object"
                                },
                                "type": "array"
                            },
                            "relationshipToInsured": {
                                "id": "/properties/claim/properties/contacts/items/properties/relationshipToInsured",
                                "type": "string"
                            }
                        },
                        "type": "object"
                    },
                    "type": "array"
                }
            },
            "type": "object"
        }
    },
    "type": "object"
}