{
    "$schema": "http://json-schema.org/draft-04/schema#",
    "definitions": {},
    "id": "http://example.com/example.json",
    "properties": {
        "claimUnit": {
            "id": "/properties/claimUnit",
            "properties": {
                "claimReferenceId": {
                    "id": "/properties/claimUnit/properties/claimReferenceId",
                    "type": "string"
                },
                "contacts": {
                    "id": "/properties/claimUnit/properties/contacts",
                    "items": {
                        "id": "/properties/claimUnit/properties/contacts/items",
                        "properties": {
                            "contactReferenceId": {
                                "id": "/properties/claimUnit/properties/contacts/items/properties/contactReferenceId",
                                "type": "string"
                            },
                            "properties": {
                                "id": "/properties/claimUnit/properties/contacts/items/properties/properties",
                                "items": {
                                    "id": "/properties/claimUnit/properties/contacts/items/properties/properties/items",
                                    "properties": {
                                        "propertyReferenceId": {
                                            "id": "/properties/claimUnit/properties/contacts/items/properties/properties/items/properties/propertyReferenceId",
                                            "type": "string"
                                        }
                                    },
                                    "type": "object"
                                },
                                "type": "array"
                            }
                        },
                        "type": "object"
                    },
                    "type": "array"
                },
                "purchaseOrderNumber": {
                    "id": "/properties/claimUnit/properties/purchaseOrderNumber",
                    "type": "string"
                }
            },
            "type": "object"
        }
    },
    "type": "object"
}
