{
    "$schema": "http://json-schema.org/draft-04/schema#",
    "definitions": {},
    "id": "http://example.com/example.json",
    "properties": {
        "claimUnit": {
            "id": "/properties/claimUnit",
            "properties": {
                "caseNumber": {
                    "id": "/properties/claimUnit/properties/caseNumber",
                    "type": "string"
                },
                "claimReferenceId": {
                    "id": "/properties/claimUnit/properties/claimReferenceId",
                    "type": "string"
                },
                "claimUnitReferenceID": {
                    "id": "/properties/claimUnit/properties/claimUnitReferenceID",
                    "type": "string"
                },
                "claimunitNumber": {
                    "id": "/properties/claimUnit/properties/claimunitNumber",
                    "type": "string"
                },
                "purchaseOrderNumber": {
                    "id": "/properties/claimUnit/properties/purchaseOrderNumber",
                    "type": "string"
                }
            },
            "type": "object"
        }
    },
    "type": "object"
}
