{
"searchCriteria" : {
                                "Policies": [
                                                {
                                                                "policyNumber" :" ",
                                                                "brand": " "
                                                },
                                                {
                                                  "policyNumber" :" ",
                                                                "brand": " "
                                                }
                                            ]
                   }

}
