<?xml version="1.0"?>
<ACORD>
  <!--You have a CHOICE of the next 2 items at this level-->
  <SignonRq>
    <!--You have a CHOICE of the next 4 items at this level-->
    <SignonPswd>
      <!--Optional:-->
      <SignonRoleCd>Gga</SignonRoleCd>
      <CustId>
        <SPName>iso.com</SPName>
        <!--Optional:-->
        <CustPermId id="string">GWCC</CustPermId>
        <CustLoginId>GWCC</CustLoginId>
      </CustId>
      <CustPswd>
        <EncryptionTypeCd>NONE</EncryptionTypeCd>
        <!--You have a CHOICE of the next 2 items at this level-->
        <Pswd>gwcc</Pswd>
        <EncryptedPswd>
          <!--Optional:-->
          <ContentTypeCd>string</ContentTypeCd>
          <BinLength>10</BinLength>
          <BinData>string</BinData>
        </EncryptedPswd>
      </CustPswd>
      <!--Optional:-->
      <GenSessKey>string</GenSessKey>
    </SignonPswd>
    <SignonCert>
      <!--Optional:-->
      <SignonRoleCd>string</SignonRoleCd>
      <CustId>
        <SPName>string</SPName>
        <!--Optional:-->
        <CustPermId id="string">string</CustPermId>
        <CustLoginId>string</CustLoginId>
      </CustId>
      <Certificate>
        <!--Optional:-->
        <ContentTypeCd>string</ContentTypeCd>
        <BinLength>10</BinLength>
        <BinData>string</BinData>
      </Certificate>
      <!--Optional:-->
      <GenSessKey>string</GenSessKey>
    </SignonCert>
    <SignonTransport>
      <!--Optional:-->
      <SignonRoleCd>string</SignonRoleCd>
      <CustId>
        <SPName>string</SPName>
        <!--Optional:-->
        <CustPermId id="string">string</CustPermId>
        <CustLoginId>string</CustLoginId>
      </CustId>
      <!--Optional:-->
      <GenSessKey>string</GenSessKey>
    </SignonTransport>
    <SessKey>string</SessKey>
    <ClientDt>2008-09-29T03:49:45</ClientDt>
    <CustLangPref>string</CustLangPref>
    <ClientApp>
      <Org>Farmers</Org>
      <Name>John</Name>
      <Version>v_1</Version>
    </ClientApp>
    <!--Optional:-->
    <ProxyClient>
      <Org>string</Org>
      <Name>string</Name>
      <Version>string</Version>
    </ProxyClient>
    <!--Optional:-->
    <SuppressEcho>true</SuppressEcho>
  </SignonRq>
  <!--Optional:-->
  <SuppressNotificationInd>string</SuppressNotificationInd>
  <!--Optional:-->
  <BaseSvcRq>
    <RqUID id="string">string</RqUID>
    <!--Optional:-->
    <SPName>string</SPName>
    <PendingResponseInqRq>
      <RqUID id="string">string</RqUID>
      <TransactionRequestDt id="string">string</TransactionRequestDt>
      <!--1 or more repetitions:-->
      <PendingResponseInfo>
        <MsgRqUID>string</MsgRqUID>
        <MsgNameCd>string</MsgNameCd>
        <!--Optional:-->
        <TransactionRequestDt id="string">string</TransactionRequestDt>
        <!--Optional:-->
        <NotificationDt>2004-02-14</NotificationDt>
        <!--Optional:-->
        <PendingResponseExpDt>2018-11-01+01:00</PendingResponseExpDt>
      </PendingResponseInfo>
    </PendingResponseInqRq>
  </BaseSvcRq>
  <ClaimsSvcRq>
    <RqUID id="string">string</RqUID>
    <!--Optional:-->
    <SPName>string</SPName>
    <!--You have a CHOICE of the next 1 items at this level-->
    <ClaimInvestigationAddRq>
      <RqUID id="string">string</RqUID>
      <TransactionRequestDt id="string">string</TransactionRequestDt>
      <CurCd id="string">string</CurCd>
      <!--Zero or more repetitions:-->
      <CodeList id="string">
        <!--Optional:-->
        <CodeListName id="string">string</CodeListName>
        <!--Optional:-->
        <CodeListVersion id="string">string</CodeListVersion>
        <!--Optional:-->
        <CodeListOwnerCd id="string" codelistref="string">string</CodeListOwnerCd>
        <!--Optional:-->
        <Description id="string">string</Description>
        <!--Optional:-->
        <WebsiteURL id="string">string</WebsiteURL>
      </CodeList>
      <!--Zero or more repetitions:-->
      <ConversionRate id="string">
        <!--You have a CHOICE of the next 2 items at this level-->
        <TargetMeasurement id="string">
          <NumUnits id="string">string</NumUnits>
          <!--Optional:-->
          <UnitMeasurementCd id="string" codelistref="string">string</UnitMeasurementCd>
        </TargetMeasurement>
        <TargetCurrency ConversionRateRef="string" id="string">
          <Amt id="string">string</Amt>
          <!--Optional:-->
          <CurCd id="string" codelistref="string">string</CurCd>
        </TargetCurrency>
        <!--Optional:-->
        <ConversionFactor id="string">string</ConversionFactor>
        <!--Optional:-->
        <ConversionDt id="string">string</ConversionDt>
        <!--Optional:-->
        <ConversionSource id="string">string</ConversionSource>
      </ConversionRate>
      <!--Optional:-->
      <ReplacementInd id="string">string</ReplacementInd>
      <!--Optional:-->
      <com.iso_Update>
        <com.iso_UpdateInd>anyType</com.iso_UpdateInd>
        <!--Optional:-->
        <com.iso_OriginalFields>
          <!--You have a CHOICE of the next 3 items at this level-->
          <com.iso_KeyFields>
            <PolicyNumber id="string">string</PolicyNumber>
            <ItemIdInfo id="string">
              <!--Optional:-->
              <AgencyId>anyType</AgencyId>
              <!--Optional:-->
              <QueueId>anyType</QueueId>
              <!--Optional:-->
              <InsurerId id="string">string</InsurerId>
              <!--Optional:-->
              <SystemId id="string">string</SystemId>
              <!--Zero or more repetitions:-->
              <OtherIdentifier id="string">
                <!--Zero or more repetitions:-->
                <OtherIdTypeCd id="string" codelistref="string">string</OtherIdTypeCd>
                <!--Optional:-->
                <OtherId id="string">string</OtherId>
              </OtherIdentifier>
            </ItemIdInfo>
            <LossDt id="string">string</LossDt>
          </com.iso_KeyFields>
          <CommlName id="string">
            <CommercialName id="string">string</CommercialName>
            <!--Optional:-->
            <IndexName id="string">string</IndexName>
            <!--Zero or more repetitions:-->
            <SupplementaryNameInfo id="string">
              <SupplementaryNameCd id="string" codelistref="string">string</SupplementaryNameCd>
              <SupplementaryName id="string">string</SupplementaryName>
            </SupplementaryNameInfo>
          </CommlName>
          <PersonName id="string">
            <Surname id="string">string</Surname>
            <!--Optional:-->
            <GivenName id="string">string</GivenName>
            <!--Zero or more repetitions:-->
            <OtherGivenName id="string">string</OtherGivenName>
            <!--Optional:-->
            <TitlePrefix id="string">string</TitlePrefix>
            <!--Optional:-->
            <NameSuffix id="string">string</NameSuffix>
            <!--Optional:-->
            <NickName id="string">string</NickName>
          </PersonName>
        </com.iso_OriginalFields>
        <!--Optional:-->
        <com.iso_RepeatSearchInd id="string">string</com.iso_RepeatSearchInd>
      </com.iso_Update>
      <!--Optional:-->
      <SuppressMatchInd id="string">string</SuppressMatchInd>
      <!--Optional:-->
      <SearchBasisCd id="string" codelistref="string">string</SearchBasisCd>
      <!--Optional:-->
      <ReferralInd id="string">string</ReferralInd>
      <!--Optional:-->
      <Producer id="string">
        <!--Optional:-->
        <ItemIdInfo id="string">
          <!--Optional:-->
          <AgencyId>anyType</AgencyId>
          <!--Optional:-->
          <QueueId>anyType</QueueId>
          <!--Optional:-->
          <InsurerId id="string">string</InsurerId>
          <!--Optional:-->
          <SystemId id="string">string</SystemId>
          <!--Zero or more repetitions:-->
          <OtherIdentifier id="string">
            <!--Zero or more repetitions:-->
            <OtherIdTypeCd id="string" codelistref="string">string</OtherIdTypeCd>
            <!--Optional:-->
            <OtherId id="string">string</OtherId>
          </OtherIdentifier>
        </ItemIdInfo>
        <!--Optional:-->
        <GeneralPartyInfo id="string">
          <!--Zero or more repetitions:-->
          <NameInfo id="string">
            <!--You have a CHOICE of the next 3 items at this level-->
            <CommlName id="string">
              <CommercialName id="string">string</CommercialName>
              <!--Optional:-->
              <IndexName id="string">string</IndexName>
              <!--Zero or more repetitions:-->
              <SupplementaryNameInfo id="string">
                <SupplementaryNameCd id="string" codelistref="string">string</SupplementaryNameCd>
                <SupplementaryName id="string">string</SupplementaryName>
              </SupplementaryNameInfo>
            </CommlName>
            <FamilyName id="string">
              <!--Optional:-->
              <TitlePrefix id="string">string</TitlePrefix>
              <FamilyNames id="string">string</FamilyNames>
              <Surname id="string">string</Surname>
              <!--Optional:-->
              <NameSuffix id="string">string</NameSuffix>
            </FamilyName>
            <PersonName id="string">
              <Surname id="string">string</Surname>
              <!--Optional:-->
              <GivenName id="string">string</GivenName>
              <!--Zero or more repetitions:-->
              <OtherGivenName id="string">string</OtherGivenName>
              <!--Optional:-->
              <TitlePrefix id="string">string</TitlePrefix>
              <!--Optional:-->
              <NameSuffix id="string">string</NameSuffix>
              <!--Optional:-->
              <NickName id="string">string</NickName>
            </PersonName>
            <!--Optional:-->
            <LegalEntityCd id="string" codelistref="string">string</LegalEntityCd>
            <!--Zero or more repetitions:-->
            <TaxIdentity id="string">
              <TaxIdTypeCd id="string" codelistref="string">string</TaxIdTypeCd>
              <TaxId id="string">string</TaxId>
              <!--Optional:-->
              <TaxIdSource id="string">string</TaxIdSource>
              <!--Optional:-->
              <StateProvCd id="string" codelistref="string">string</StateProvCd>
              <!--Optional:-->
              <StateProv id="string">string</StateProv>
              <!--Optional:-->
              <CountryCd id="string" codelistref="string">string</CountryCd>
              <!--Optional:-->
              <Country id="string">string</Country>
              <!--Optional:-->
              <County id="string">string</County>
            </TaxIdentity>
            <!--Zero or more repetitions:-->
            <NonTaxIdentity id="string">
              <NonTaxIdTypeCd id="string" codelistref="string">string</NonTaxIdTypeCd>
              <NonTaxId id="string">string</NonTaxId>
              <!--Optional:-->
              <PrimaryNonTaxInd id="string">string</PrimaryNonTaxInd>
              <!--Optional:-->
              <StateProvCd id="string" codelistref="string">string</StateProvCd>
              <!--Optional:-->
              <StateProv id="string">string</StateProv>
              <!--Optional:-->
              <CountryCd id="string" codelistref="string">string</CountryCd>
              <!--Optional:-->
              <Country id="string">string</Country>
            </NonTaxIdentity>
          </NameInfo>
          <!--Zero or more repetitions:-->
          <Addr id="string">
            <!--Zero or more repetitions:-->
            <AddrTypeCd id="string" codelistref="string">string</AddrTypeCd>
            <!--Optional:-->
            <Addr1 id="string">string</Addr1>
            <!--Optional:-->
            <Addr2 id="string">string</Addr2>
            <!--Optional:-->
            <Addr3 id="string">string</Addr3>
            <!--Optional:-->
            <Addr4 id="string">string</Addr4>
            <!--Optional:-->
            <City id="string">string</City>
            <!--Optional:-->
            <StateProvCd id="string" codelistref="string">string</StateProvCd>
            <!--Optional:-->
            <StateProv id="string">string</StateProv>
            <!--Optional:-->
            <PostalCode id="string">string</PostalCode>
            <!--Optional:-->
            <CountryCd id="string" codelistref="string">string</CountryCd>
            <!--Optional:-->
            <Country id="string">string</Country>
            <!--Optional:-->
            <Latitude id="string">string</Latitude>
            <!--Optional:-->
            <Longitude id="string">string</Longitude>
            <!--Optional:-->
            <County id="string">string</County>
            <!--Optional:-->
            <com.iso_VerifiedAddrInd id="string">string</com.iso_VerifiedAddrInd>
            <!--Optional:-->
            <com.iso_FirstDt id="string">string</com.iso_FirstDt>
            <!--Optional:-->
            <com.iso_LastDt id="string">string</com.iso_LastDt>
          </Addr>
          <!--Zero or more repetitions:-->
          <PreferredContact id="string">
            <!--Optional:-->
            <PreferencePriority id="string">string</PreferencePriority>
            <!--Optional:-->
            <ContactDuration id="string">
              <!--Optional:-->
              <EffectiveDt id="string">string</EffectiveDt>
              <!--Optional:-->
              <ExpirationDt id="string">string</ExpirationDt>
              <!--Optional:-->
              <StartTime id="string">string</StartTime>
              <!--Optional:-->
              <EndTime id="string">string</EndTime>
              <!--Optional:-->
              <LocalStandardTimeInd id="string">string</LocalStandardTimeInd>
              <!--Optional:-->
              <DurationPeriod id="string">
                <NumUnits id="string">string</NumUnits>
                <!--Optional:-->
                <UnitMeasurementCd id="string" codelistref="string">string</UnitMeasurementCd>
              </DurationPeriod>
              <!--Optional:-->
              <ContinuousInd id="string">string</ContinuousInd>
              <!--Optional:-->
              <Description id="string">string</Description>
              <!--Optional:-->
              <GB.BothDaysInclusiveInd id="string">string</GB.BothDaysInclusiveInd>
            </ContactDuration>
            <!--Optional:-->
            <BlackoutDuration id="string">
              <!--Optional:-->
              <EffectiveDt id="string">string</EffectiveDt>
              <!--Optional:-->
              <ExpirationDt id="string">string</ExpirationDt>
              <!--Optional:-->
              <StartTime id="string">string</StartTime>
              <!--Optional:-->
              <EndTime id="string">string</EndTime>
              <!--Optional:-->
              <LocalStandardTimeInd id="string">string</LocalStandardTimeInd>
              <!--Optional:-->
              <DurationPeriod id="string">
                <NumUnits id="string">string</NumUnits>
                <!--Optional:-->
                <UnitMeasurementCd id="string" codelistref="string">string</UnitMeasurementCd>
              </DurationPeriod>
              <!--Optional:-->
              <ContinuousInd id="string">string</ContinuousInd>
              <!--Optional:-->
              <Description id="string">string</Description>
              <!--Optional:-->
              <GB.BothDaysInclusiveInd id="string">string</GB.BothDaysInclusiveInd>
            </BlackoutDuration>
          </PreferredContact>
          <!--Optional:-->
          <Communications id="string">
            <!--Zero or more repetitions:-->
            <PhoneInfo id="string">
              <!--Optional:-->
              <PhoneTypeCd id="string" codelistref="string">string</PhoneTypeCd>
              <!--Zero or more repetitions:-->
              <CommunicationUseCd id="string" codelistref="string">string</CommunicationUseCd>
              <PhoneNumber id="string">string</PhoneNumber>
              <!--Optional:-->
              <EmailAddr id="string">string</EmailAddr>
              <!--Optional:-->
              <com.iso_PhoneName id="string">string</com.iso_PhoneName>
              <!--Optional:-->
              <com.iso_PublishedInd id="string">string</com.iso_PublishedInd>
            </PhoneInfo>
            <!--Zero or more repetitions:-->
            <EmailInfo id="string" idref="string">
              <!--Zero or more repetitions:-->
              <CommunicationUseCd id="string" codelistref="string">string</CommunicationUseCd>
              <EmailAddr id="string">string</EmailAddr>
            </EmailInfo>
            <!--Zero or more repetitions:-->
            <WebsiteInfo id="string">
              <!--Optional:-->
              <CommunicationUseCd id="string" codelistref="string">string</CommunicationUseCd>
              <WebsiteURL id="string">string</WebsiteURL>
            </WebsiteInfo>
          </Communications>
        </GeneralPartyInfo>
        <!--Optional:-->
        <ProducerInfo id="string">
          <!--Optional:-->
          <ContractNumber id="string">string</ContractNumber>
          <!--Optional:-->
          <ProducerSubCode id="string">string</ProducerSubCode>
          <!--Optional:-->
          <PlacingOffice id="string">string</PlacingOffice>
          <!--Zero or more repetitions:-->
          <NonResLicense id="string">
            <NonResProducerLicenseNumber id="string">string</NonResProducerLicenseNumber>
            <!--Optional:-->
            <NonResProducerLicenseExpirationDt id="string">string</NonResProducerLicenseExpirationDt>
            <!--Optional:-->
            <StateProvCd id="string" codelistref="string">string</StateProvCd>
          </NonResLicense>
          <!--Optional:-->
          <ResProducerLicenseNumber id="string">string</ResProducerLicenseNumber>
          <!--Optional:-->
          <ResProducerLicenseExpirationDt id="string">string</ResProducerLicenseExpirationDt>
          <!--Optional:-->
          <ProducerRoleCd id="string" codelistref="string">string</ProducerRoleCd>
        </ProducerInfo>
      </Producer>
      <!--Optional:-->
      <InsuredOrPrincipal id="string">
        <!--Optional:-->
        <ItemIdInfo id="string">
          <!--Optional:-->
          <AgencyId>anyType</AgencyId>
          <!--Optional:-->
          <QueueId>anyType</QueueId>
          <!--Optional:-->
          <InsurerId id="string">string</InsurerId>
          <!--Optional:-->
          <SystemId id="string">string</SystemId>
          <!--Zero or more repetitions:-->
          <OtherIdentifier id="string">
            <!--Zero or more repetitions:-->
            <OtherIdTypeCd id="string" codelistref="string">string</OtherIdTypeCd>
            <!--Optional:-->
            <OtherId id="string">string</OtherId>
          </OtherIdentifier>
        </ItemIdInfo>
        <!--Optional:-->
        <GeneralPartyInfo id="string">
          <!--Zero or more repetitions:-->
          <NameInfo id="string">
            <!--You have a CHOICE of the next 3 items at this level-->
            <CommlName id="string">
              <CommercialName id="string">string</CommercialName>
              <!--Optional:-->
              <IndexName id="string">string</IndexName>
              <!--Zero or more repetitions:-->
              <SupplementaryNameInfo id="string">
                <SupplementaryNameCd id="string" codelistref="string">string</SupplementaryNameCd>
                <SupplementaryName id="string">string</SupplementaryName>
              </SupplementaryNameInfo>
            </CommlName>
            <FamilyName id="string">
              <!--Optional:-->
              <TitlePrefix id="string">string</TitlePrefix>
              <FamilyNames id="string">string</FamilyNames>
              <Surname id="string">string</Surname>
              <!--Optional:-->
              <NameSuffix id="string">string</NameSuffix>
            </FamilyName>
            <PersonName id="string">
              <Surname id="string">string</Surname>
              <!--Optional:-->
              <GivenName id="string">string</GivenName>
              <!--Zero or more repetitions:-->
              <OtherGivenName id="string">string</OtherGivenName>
              <!--Optional:-->
              <TitlePrefix id="string">string</TitlePrefix>
              <!--Optional:-->
              <NameSuffix id="string">string</NameSuffix>
              <!--Optional:-->
              <NickName id="string">string</NickName>
            </PersonName>
            <!--Optional:-->
            <LegalEntityCd id="string" codelistref="string">string</LegalEntityCd>
            <!--Zero or more repetitions:-->
            <TaxIdentity id="string">
              <TaxIdTypeCd id="string" codelistref="string">string</TaxIdTypeCd>
              <TaxId id="string">string</TaxId>
              <!--Optional:-->
              <TaxIdSource id="string">string</TaxIdSource>
              <!--Optional:-->
              <StateProvCd id="string" codelistref="string">string</StateProvCd>
              <!--Optional:-->
              <StateProv id="string">string</StateProv>
              <!--Optional:-->
              <CountryCd id="string" codelistref="string">string</CountryCd>
              <!--Optional:-->
              <Country id="string">string</Country>
              <!--Optional:-->
              <County id="string">string</County>
            </TaxIdentity>
            <!--Zero or more repetitions:-->
            <NonTaxIdentity id="string">
              <NonTaxIdTypeCd id="string" codelistref="string">string</NonTaxIdTypeCd>
              <NonTaxId id="string">string</NonTaxId>
              <!--Optional:-->
              <PrimaryNonTaxInd id="string">string</PrimaryNonTaxInd>
              <!--Optional:-->
              <StateProvCd id="string" codelistref="string">string</StateProvCd>
              <!--Optional:-->
              <StateProv id="string">string</StateProv>
              <!--Optional:-->
              <CountryCd id="string" codelistref="string">string</CountryCd>
              <!--Optional:-->
              <Country id="string">string</Country>
            </NonTaxIdentity>
          </NameInfo>
          <!--Zero or more repetitions:-->
          <Addr id="string">
            <!--Zero or more repetitions:-->
            <AddrTypeCd id="string" codelistref="string">string</AddrTypeCd>
            <!--Optional:-->
            <Addr1 id="string">string</Addr1>
            <!--Optional:-->
            <Addr2 id="string">string</Addr2>
            <!--Optional:-->
            <Addr3 id="string">string</Addr3>
            <!--Optional:-->
            <Addr4 id="string">string</Addr4>
            <!--Optional:-->
            <City id="string">string</City>
            <!--Optional:-->
            <StateProvCd id="string" codelistref="string">string</StateProvCd>
            <!--Optional:-->
            <StateProv id="string">string</StateProv>
            <!--Optional:-->
            <PostalCode id="string">string</PostalCode>
            <!--Optional:-->
            <CountryCd id="string" codelistref="string">string</CountryCd>
            <!--Optional:-->
            <Country id="string">string</Country>
            <!--Optional:-->
            <Latitude id="string">string</Latitude>
            <!--Optional:-->
            <Longitude id="string">string</Longitude>
            <!--Optional:-->
            <County id="string">string</County>
            <!--Optional:-->
            <com.iso_VerifiedAddrInd id="string">string</com.iso_VerifiedAddrInd>
            <!--Optional:-->
            <com.iso_FirstDt id="string">string</com.iso_FirstDt>
            <!--Optional:-->
            <com.iso_LastDt id="string">string</com.iso_LastDt>
          </Addr>
          <!--Zero or more repetitions:-->
          <PreferredContact id="string">
            <!--Optional:-->
            <PreferencePriority id="string">string</PreferencePriority>
            <!--Optional:-->
            <ContactDuration id="string">
              <!--Optional:-->
              <EffectiveDt id="string">string</EffectiveDt>
              <!--Optional:-->
              <ExpirationDt id="string">string</ExpirationDt>
              <!--Optional:-->
              <StartTime id="string">string</StartTime>
              <!--Optional:-->
              <EndTime id="string">string</EndTime>
              <!--Optional:-->
              <LocalStandardTimeInd id="string">string</LocalStandardTimeInd>
              <!--Optional:-->
              <DurationPeriod id="string">
                <NumUnits id="string">string</NumUnits>
                <!--Optional:-->
                <UnitMeasurementCd id="string" codelistref="string">string</UnitMeasurementCd>
              </DurationPeriod>
              <!--Optional:-->
              <ContinuousInd id="string">string</ContinuousInd>
              <!--Optional:-->
              <Description id="string">string</Description>
              <!--Optional:-->
              <GB.BothDaysInclusiveInd id="string">string</GB.BothDaysInclusiveInd>
            </ContactDuration>
            <!--Optional:-->
            <BlackoutDuration id="string">
              <!--Optional:-->
              <EffectiveDt id="string">string</EffectiveDt>
              <!--Optional:-->
              <ExpirationDt id="string">string</ExpirationDt>
              <!--Optional:-->
              <StartTime id="string">string</StartTime>
              <!--Optional:-->
              <EndTime id="string">string</EndTime>
              <!--Optional:-->
              <LocalStandardTimeInd id="string">string</LocalStandardTimeInd>
              <!--Optional:-->
              <DurationPeriod id="string">
                <NumUnits id="string">string</NumUnits>
                <!--Optional:-->
                <UnitMeasurementCd id="string" codelistref="string">string</UnitMeasurementCd>
              </DurationPeriod>
              <!--Optional:-->
              <ContinuousInd id="string">string</ContinuousInd>
              <!--Optional:-->
              <Description id="string">string</Description>
              <!--Optional:-->
              <GB.BothDaysInclusiveInd id="string">string</GB.BothDaysInclusiveInd>
            </BlackoutDuration>
          </PreferredContact>
          <!--Optional:-->
          <Communications id="string">
            <!--Zero or more repetitions:-->
            <PhoneInfo id="string">
              <!--Optional:-->
              <PhoneTypeCd id="string" codelistref="string">string</PhoneTypeCd>
              <!--Zero or more repetitions:-->
              <CommunicationUseCd id="string" codelistref="string">string</CommunicationUseCd>
              <PhoneNumber id="string">string</PhoneNumber>
              <!--Optional:-->
              <EmailAddr id="string">string</EmailAddr>
              <!--Optional:-->
              <com.iso_PhoneName id="string">string</com.iso_PhoneName>
              <!--Optional:-->
              <com.iso_PublishedInd id="string">string</com.iso_PublishedInd>
            </PhoneInfo>
            <!--Zero or more repetitions:-->
            <EmailInfo id="string" idref="string">
              <!--Zero or more repetitions:-->
              <CommunicationUseCd id="string" codelistref="string">string</CommunicationUseCd>
              <EmailAddr id="string">string</EmailAddr>
            </EmailInfo>
            <!--Zero or more repetitions:-->
            <WebsiteInfo id="string">
              <!--Optional:-->
              <CommunicationUseCd id="string" codelistref="string">string</CommunicationUseCd>
              <WebsiteURL id="string">string</WebsiteURL>
            </WebsiteInfo>
          </Communications>
        </GeneralPartyInfo>
        <!--Optional:-->
        <InsuredOrPrincipalInfo id="string">
          <!--You have a CHOICE of the next 3 items at this level-->
          <PersonInfo id="string">
            <!--Optional:-->
            <GenderCd id="string" codelistref="string">string</GenderCd>
            <!--Optional:-->
            <com.iso_Age id="string">string</com.iso_Age>
            <!--Optional:-->
            <BirthDt id="string">string</BirthDt>
            <!--Optional:-->
            <MaritalStatusCd id="string" codelistref="string">string</MaritalStatusCd>
            <!--Optional:-->
            <OccupationClassCd id="string" codelistref="string">string</OccupationClassCd>
            <!--Optional:-->
            <OccupationDesc id="string">string</OccupationDesc>
            <!--Optional:-->
            <LengthTimeEmployed id="string">
              <NumUnits id="string">string</NumUnits>
              <!--Optional:-->
              <UnitMeasurementCd id="string" codelistref="string">string</UnitMeasurementCd>
            </LengthTimeEmployed>
            <!--Optional:-->
            <LengthTimeCurrentOccupation id="string">
              <NumUnits id="string">string</NumUnits>
              <!--Optional:-->
              <UnitMeasurementCd id="string" codelistref="string">string</UnitMeasurementCd>
            </LengthTimeCurrentOccupation>
            <!--Optional:-->
            <LengthTimeWithPreviousEmployer id="string">
              <NumUnits id="string">string</NumUnits>
              <!--Optional:-->
              <UnitMeasurementCd id="string" codelistref="string">string</UnitMeasurementCd>
            </LengthTimeWithPreviousEmployer>
            <!--Optional:-->
            <MiscParty id="string">
              <ItemIdInfo>
                <AgencyId>anyType</AgencyId>
                <!--Optional:-->
                <QueueId>anyType</QueueId>
              </ItemIdInfo>
              <!--Optional:-->
              <GeneralPartyInfo id="string">
                <!--Zero or more repetitions:-->
                <NameInfo id="string">
                  <!--You have a CHOICE of the next 3 items at this level-->
                  <CommlName id="string">
                    <CommercialName id="string">string</CommercialName>
                    <!--Optional:-->
                    <IndexName id="string">string</IndexName>
                    <!--Zero or more repetitions:-->
                    <SupplementaryNameInfo id="string">
                      <SupplementaryNameCd id="string" codelistref="string">string</SupplementaryNameCd>
                      <SupplementaryName id="string">string</SupplementaryName>
                    </SupplementaryNameInfo>
                  </CommlName>
                  <FamilyName id="string">
                    <!--Optional:-->
                    <TitlePrefix id="string">string</TitlePrefix>
                    <FamilyNames id="string">string</FamilyNames>
                    <Surname id="string">string</Surname>
                    <!--Optional:-->
                    <NameSuffix id="string">string</NameSuffix>
                  </FamilyName>
                  <PersonName id="string">
                    <Surname id="string">string</Surname>
                    <!--Optional:-->
                    <GivenName id="string">string</GivenName>
                    <!--Zero or more repetitions:-->
                    <OtherGivenName id="string">string</OtherGivenName>
                    <!--Optional:-->
                    <TitlePrefix id="string">string</TitlePrefix>
                    <!--Optional:-->
                    <NameSuffix id="string">string</NameSuffix>
                    <!--Optional:-->
                    <NickName id="string">string</NickName>
                  </PersonName>
                  <!--Optional:-->
                  <LegalEntityCd id="string" codelistref="string">string</LegalEntityCd>
                  <!--Zero or more repetitions:-->
                  <TaxIdentity id="string">
                    <TaxIdTypeCd id="string" codelistref="string">string</TaxIdTypeCd>
                    <TaxId id="string">string</TaxId>
                    <!--Optional:-->
                    <TaxIdSource id="string">string</TaxIdSource>
                    <!--Optional:-->
                    <StateProvCd id="string" codelistref="string">string</StateProvCd>
                    <!--Optional:-->
                    <StateProv id="string">string</StateProv>
                    <!--Optional:-->
                    <CountryCd id="string" codelistref="string">string</CountryCd>
                    <!--Optional:-->
                    <Country id="string">string</Country>
                    <!--Optional:-->
                    <County id="string">string</County>
                  </TaxIdentity>
                  <!--Zero or more repetitions:-->
                  <NonTaxIdentity id="string">
                    <NonTaxIdTypeCd id="string" codelistref="string">string</NonTaxIdTypeCd>
                    <NonTaxId id="string">string</NonTaxId>
                    <!--Optional:-->
                    <PrimaryNonTaxInd id="string">string</PrimaryNonTaxInd>
                    <!--Optional:-->
                    <StateProvCd id="string" codelistref="string">string</StateProvCd>
                    <!--Optional:-->
                    <StateProv id="string">string</StateProv>
                    <!--Optional:-->
                    <CountryCd id="string" codelistref="string">string</CountryCd>
                    <!--Optional:-->
                    <Country id="string">string</Country>
                  </NonTaxIdentity>
                </NameInfo>
                <!--Zero or more repetitions:-->
                <Addr id="string">
                  <!--Zero or more repetitions:-->
                  <AddrTypeCd id="string" codelistref="string">string</AddrTypeCd>
                  <!--Optional:-->
                  <Addr1 id="string">string</Addr1>
                  <!--Optional:-->
                  <Addr2 id="string">string</Addr2>
                  <!--Optional:-->
                  <Addr3 id="string">string</Addr3>
                  <!--Optional:-->
                  <Addr4 id="string">string</Addr4>
                  <!--Optional:-->
                  <City id="string">string</City>
                  <!--Optional:-->
                  <StateProvCd id="string" codelistref="string">string</StateProvCd>
                  <!--Optional:-->
                  <StateProv id="string">string</StateProv>
                  <!--Optional:-->
                  <PostalCode id="string">string</PostalCode>
                  <!--Optional:-->
                  <CountryCd id="string" codelistref="string">string</CountryCd>
                  <!--Optional:-->
                  <Country id="string">string</Country>
                  <!--Optional:-->
                  <Latitude id="string">string</Latitude>
                  <!--Optional:-->
                  <Longitude id="string">string</Longitude>
                  <!--Optional:-->
                  <County id="string">string</County>
                  <!--Optional:-->
                  <com.iso_VerifiedAddrInd id="string">string</com.iso_VerifiedAddrInd>
                  <!--Optional:-->
                  <com.iso_FirstDt id="string">string</com.iso_FirstDt>
                  <!--Optional:-->
                  <com.iso_LastDt id="string">string</com.iso_LastDt>
                </Addr>
                <!--Zero or more repetitions:-->
                <PreferredContact id="string">
                  <!--Optional:-->
                  <PreferencePriority id="string">string</PreferencePriority>
                  <!--Optional:-->
                  <ContactDuration id="string">
                    <!--Optional:-->
                    <EffectiveDt id="string">string</EffectiveDt>
                    <!--Optional:-->
                    <ExpirationDt id="string">string</ExpirationDt>
                    <!--Optional:-->
                    <StartTime id="string">string</StartTime>
                    <!--Optional:-->
                    <EndTime id="string">string</EndTime>
                    <!--Optional:-->
                    <LocalStandardTimeInd id="string">string</LocalStandardTimeInd>
                    <!--Optional:-->
                    <DurationPeriod id="string">
                      <NumUnits id="string">string</NumUnits>
                      <!--Optional:-->
                      <UnitMeasurementCd id="string" codelistref="string">string</UnitMeasurementCd>
                    </DurationPeriod>
                    <!--Optional:-->
                    <ContinuousInd id="string">string</ContinuousInd>
                    <!--Optional:-->
                    <Description id="string">string</Description>
                    <!--Optional:-->
                    <GB.BothDaysInclusiveInd id="string">string</GB.BothDaysInclusiveInd>
                  </ContactDuration>
                  <!--Optional:-->
                  <BlackoutDuration id="string">
                    <!--Optional:-->
                    <EffectiveDt id="string">string</EffectiveDt>
                    <!--Optional:-->
                    <ExpirationDt id="string">string</ExpirationDt>
                    <!--Optional:-->
                    <StartTime id="string">string</StartTime>
                    <!--Optional:-->
                    <EndTime id="string">string</EndTime>
                    <!--Optional:-->
                    <LocalStandardTimeInd id="string">string</LocalStandardTimeInd>
                    <!--Optional:-->
                    <DurationPeriod id="string">
                      <NumUnits id="string">string</NumUnits>
                      <!--Optional:-->
                      <UnitMeasurementCd id="string" codelistref="string">string</UnitMeasurementCd>
                    </DurationPeriod>
                    <!--Optional:-->
                    <ContinuousInd id="string">string</ContinuousInd>
                    <!--Optional:-->
                    <Description id="string">string</Description>
                    <!--Optional:-->
                    <GB.BothDaysInclusiveInd id="string">string</GB.BothDaysInclusiveInd>
                  </BlackoutDuration>
                </PreferredContact>
                <!--Optional:-->
                <Communications id="string">
                  <!--Zero or more repetitions:-->
                  <PhoneInfo id="string">
                    <!--Optional:-->
                    <PhoneTypeCd id="string" codelistref="string">string</PhoneTypeCd>
                    <!--Zero or more repetitions:-->
                    <CommunicationUseCd id="string" codelistref="string">string</CommunicationUseCd>
                    <PhoneNumber id="string">string</PhoneNumber>
                    <!--Optional:-->
                    <EmailAddr id="string">string</EmailAddr>
                    <!--Optional:-->
                    <com.iso_PhoneName id="string">string</com.iso_PhoneName>
                    <!--Optional:-->
                    <com.iso_PublishedInd id="string">string</com.iso_PublishedInd>
                  </PhoneInfo>
                  <!--Zero or more repetitions:-->
                  <EmailInfo id="string" idref="string">
                    <!--Zero or more repetitions:-->
                    <CommunicationUseCd id="string" codelistref="string">string</CommunicationUseCd>
                    <EmailAddr id="string">string</EmailAddr>
                  </EmailInfo>
                  <!--Zero or more repetitions:-->
                  <WebsiteInfo id="string">
                    <!--Optional:-->
                    <CommunicationUseCd id="string" codelistref="string">string</CommunicationUseCd>
                    <WebsiteURL id="string">string</WebsiteURL>
                  </WebsiteInfo>
                </Communications>
              </GeneralPartyInfo>
              <!--Optional:-->
              <com.iso_SIUInfo id="string">
                <!--Optional:-->
                <GeneralPartyInfo id="string">
                  <!--Zero or more repetitions:-->
                  <NameInfo id="string">
                    <!--You have a CHOICE of the next 3 items at this level-->
                    <CommlName id="string">
                      <CommercialName id="string">string</CommercialName>
                      <!--Optional:-->
                      <IndexName id="string">string</IndexName>
                      <!--Zero or more repetitions:-->
                      <SupplementaryNameInfo id="string">
                        <SupplementaryNameCd id="string" codelistref="string">string</SupplementaryNameCd>
                        <SupplementaryName id="string">string</SupplementaryName>
                      </SupplementaryNameInfo>
                    </CommlName>
                    <FamilyName id="string">
                      <!--Optional:-->
                      <TitlePrefix id="string">string</TitlePrefix>
                      <FamilyNames id="string">string</FamilyNames>
                      <Surname id="string">string</Surname>
                      <!--Optional:-->
                      <NameSuffix id="string">string</NameSuffix>
                    </FamilyName>
                    <PersonName id="string">
                      <Surname id="string">string</Surname>
                      <!--Optional:-->
                      <GivenName id="string">string</GivenName>
                      <!--Zero or more repetitions:-->
                      <OtherGivenName id="string">string</OtherGivenName>
                      <!--Optional:-->
                      <TitlePrefix id="string">string</TitlePrefix>
                      <!--Optional:-->
                      <NameSuffix id="string">string</NameSuffix>
                      <!--Optional:-->
                      <NickName id="string">string</NickName>
                    </PersonName>
                    <!--Optional:-->
                    <LegalEntityCd id="string" codelistref="string">string</LegalEntityCd>
                    <!--Zero or more repetitions:-->
                    <TaxIdentity id="string">
                      <TaxIdTypeCd id="string" codelistref="string">string</TaxIdTypeCd>
                      <TaxId id="string">string</TaxId>
                      <!--Optional:-->
                      <TaxIdSource id="string">string</TaxIdSource>
                      <!--Optional:-->
                      <StateProvCd id="string" codelistref="string">string</StateProvCd>
                      <!--Optional:-->
                      <StateProv id="string">string</StateProv>
                      <!--Optional:-->
                      <CountryCd id="string" codelistref="string">string</CountryCd>
                      <!--Optional:-->
                      <Country id="string">string</Country>
                      <!--Optional:-->
                      <County id="string">string</County>
                    </TaxIdentity>
                    <!--Zero or more repetitions:-->
                    <NonTaxIdentity id="string">
                      <NonTaxIdTypeCd id="string" codelistref="string">string</NonTaxIdTypeCd>
                      <NonTaxId id="string">string</NonTaxId>
                      <!--Optional:-->
                      <PrimaryNonTaxInd id="string">string</PrimaryNonTaxInd>
                      <!--Optional:-->
                      <StateProvCd id="string" codelistref="string">string</StateProvCd>
                      <!--Optional:-->
                      <StateProv id="string">string</StateProv>
                      <!--Optional:-->
                      <CountryCd id="string" codelistref="string">string</CountryCd>
                      <!--Optional:-->
                      <Country id="string">string</Country>
                    </NonTaxIdentity>
                  </NameInfo>
                  <!--Zero or more repetitions:-->
                  <Addr id="string">
                    <!--Zero or more repetitions:-->
                    <AddrTypeCd id="string" codelistref="string">string</AddrTypeCd>
                    <!--Optional:-->
                    <Addr1 id="string">string</Addr1>
                    <!--Optional:-->
                    <Addr2 id="string">string</Addr2>
                    <!--Optional:-->
                    <Addr3 id="string">string</Addr3>
                    <!--Optional:-->
                    <Addr4 id="string">string</Addr4>
                    <!--Optional:-->
                    <City id="string">string</City>
                    <!--Optional:-->
                    <StateProvCd id="string" codelistref="string">string</StateProvCd>
                    <!--Optional:-->
                    <StateProv id="string">string</StateProv>
                    <!--Optional:-->
                    <PostalCode id="string">string</PostalCode>
                    <!--Optional:-->
                    <CountryCd id="string" codelistref="string">string</CountryCd>
                    <!--Optional:-->
                    <Country id="string">string</Country>
                    <!--Optional:-->
                    <Latitude id="string">string</Latitude>
                    <!--Optional:-->
                    <Longitude id="string">string</Longitude>
                    <!--Optional:-->
                    <County id="string">string</County>
                    <!--Optional:-->
                    <com.iso_VerifiedAddrInd id="string">string</com.iso_VerifiedAddrInd>
                    <!--Optional:-->
                    <com.iso_FirstDt id="string">string</com.iso_FirstDt>
                    <!--Optional:-->
                    <com.iso_LastDt id="string">string</com.iso_LastDt>
                  </Addr>
                  <!--Zero or more repetitions:-->
                  <PreferredContact id="string">
                    <!--Optional:-->
                    <PreferencePriority id="string">string</PreferencePriority>
                    <!--Optional:-->
                    <ContactDuration id="string">
                      <!--Optional:-->
                      <EffectiveDt id="string">string</EffectiveDt>
                      <!--Optional:-->
                      <ExpirationDt id="string">string</ExpirationDt>
                      <!--Optional:-->
                      <StartTime id="string">string</StartTime>
                      <!--Optional:-->
                      <EndTime id="string">string</EndTime>
                      <!--Optional:-->
                      <LocalStandardTimeInd id="string">string</LocalStandardTimeInd>
                      <!--Optional:-->
                      <DurationPeriod id="string">
                        <NumUnits id="string">string</NumUnits>
                        <!--Optional:-->
                        <UnitMeasurementCd id="string" codelistref="string">string</UnitMeasurementCd>
                      </DurationPeriod>
                      <!--Optional:-->
                      <ContinuousInd id="string">string</ContinuousInd>
                      <!--Optional:-->
                      <Description id="string">string</Description>
                      <!--Optional:-->
                      <GB.BothDaysInclusiveInd id="string">string</GB.BothDaysInclusiveInd>
                    </ContactDuration>
                    <!--Optional:-->
                    <BlackoutDuration id="string">
                      <!--Optional:-->
                      <EffectiveDt id="string">string</EffectiveDt>
                      <!--Optional:-->
                      <ExpirationDt id="string">string</ExpirationDt>
                      <!--Optional:-->
                      <StartTime id="string">string</StartTime>
                      <!--Optional:-->
                      <EndTime id="string">string</EndTime>
                      <!--Optional:-->
                      <LocalStandardTimeInd id="string">string</LocalStandardTimeInd>
                      <!--Optional:-->
                      <DurationPeriod id="string">
                        <NumUnits id="string">string</NumUnits>
                        <!--Optional:-->
                        <UnitMeasurementCd id="string" codelistref="string">string</UnitMeasurementCd>
                      </DurationPeriod>
                      <!--Optional:-->
                      <ContinuousInd id="string">string</ContinuousInd>
                      <!--Optional:-->
                      <Description id="string">string</Description>
                      <!--Optional:-->
                      <GB.BothDaysInclusiveInd id="string">string</GB.BothDaysInclusiveInd>
                    </BlackoutDuration>
                  </PreferredContact>
                  <!--Optional:-->
                  <Communications id="string">
                    <!--Zero or more repetitions:-->
                    <PhoneInfo id="string">
                      <!--Optional:-->
                      <PhoneTypeCd id="string" codelistref="string">string</PhoneTypeCd>
                      <!--Zero or more repetitions:-->
                      <CommunicationUseCd id="string" codelistref="string">string</CommunicationUseCd>
                      <PhoneNumber id="string">string</PhoneNumber>
                      <!--Optional:-->
                      <EmailAddr id="string">string</EmailAddr>
                      <!--Optional:-->
                      <com.iso_PhoneName id="string">string</com.iso_PhoneName>
                      <!--Optional:-->
                      <com.iso_PublishedInd id="string">string</com.iso_PublishedInd>
                    </PhoneInfo>
                    <!--Zero or more repetitions:-->
                    <EmailInfo id="string" idref="string">
                      <!--Zero or more repetitions:-->
                      <CommunicationUseCd id="string" codelistref="string">string</CommunicationUseCd>
                      <EmailAddr id="string">string</EmailAddr>
                    </EmailInfo>
                    <!--Zero or more repetitions:-->
                    <WebsiteInfo id="string">
                      <!--Optional:-->
                      <CommunicationUseCd id="string" codelistref="string">string</CommunicationUseCd>
                      <WebsiteURL id="string">string</WebsiteURL>
                    </WebsiteInfo>
                  </Communications>
                </GeneralPartyInfo>
                <!--Optional:-->
                <com.iso_CommlName>anyType</com.iso_CommlName>
                <!--Optional:-->
                <com.iso_SurName>anyType</com.iso_SurName>
                <!--Optional:-->
                <com.iso_GivenName>anyType</com.iso_GivenName>
                <!--Optional:-->
                <com.iso_OtherGivenName>anyType</com.iso_OtherGivenName>
                <!--Optional:-->
                <com.iso_SIUPhoneInfo>
                  <!--Optional:-->
                  <PhoneTypeCd id="string" codelistref="string">string</PhoneTypeCd>
                  <!--Zero or more repetitions:-->
                  <CommunicationUseCd id="string" codelistref="string">string</CommunicationUseCd>
                  <!--Optional:-->
                  <PhoneNumber id="string">string</PhoneNumber>
                </com.iso_SIUPhoneInfo>
                <!--Optional:-->
                <com.iso_InsurerFraudRingInvestigation>anyType</com.iso_InsurerFraudRingInvestigation>
              </com.iso_SIUInfo>
              <!--Optional:-->
              <com.iso_AddInfo>
                <!--Optional:-->
                <com.iso_EntityId>anyType</com.iso_EntityId>
              </com.iso_AddInfo>
              <!--Zero or more repetitions:-->
              <MiscPartyInfo id="string">
                <!--Optional:-->
                <MiscPartyRoleCd id="string" codelistref="string">string</MiscPartyRoleCd>
                <!--Optional:-->
                <MiscPartySubRoleCd id="string" codelistref="string">string</MiscPartySubRoleCd>
              </MiscPartyInfo>
            </MiscParty>
            <!--Optional:-->
            <com.iso_1stDoctorDt>anyType</com.iso_1stDoctorDt>
          </PersonInfo>
          <BusinessInfo id="string">
            <!--Optional:-->
            <SICCd id="string">string</SICCd>
            <!--Optional:-->
            <NAICSCd id="string" codelistref="string">string</NAICSCd>
            <!--Optional:-->
            <NatureBusinessCd id="string" codelistref="string">string</NatureBusinessCd>
            <!--Optional:-->
            <NumEmployees id="string">string</NumEmployees>
          </BusinessInfo>
          <PrincipalInfo id="string">
            <!--Optional:-->
            <LiensSuitsJudgementsAgainstPrincipalInd id="string">string</LiensSuitsJudgementsAgainstPrincipalInd>
            <!--Optional:-->
            <SICCd id="string" codelistref="string">string</SICCd>
            <!--Optional:-->
            <StateProvCd id="string" codelistref="string">string</StateProvCd>
            <!--Optional:-->
            <KnownSinceDt id="string">string</KnownSinceDt>
            <!--Optional:-->
            <CreditScoreInfo id="string">string</CreditScoreInfo>
          </PrincipalInfo>
          <!--Optional:-->
          <InsuredOrPrincipalRoleCd id="string" codelistref="string">string</InsuredOrPrincipalRoleCd>
        </InsuredOrPrincipalInfo>
        <!--Optional:-->
        <LengthTimeKnownByAgentBroker id="string">
          <NumUnits id="string">string</NumUnits>
          <!--Optional:-->
          <UnitMeasurementCd id="string" codelistref="string">string</UnitMeasurementCd>
        </LengthTimeKnownByAgentBroker>
      </InsuredOrPrincipal>
      <!--Optional:-->
      <Policy id="string">
        <!--Optional:-->
        <PolicyNumber id="string">string</PolicyNumber>
        <!--Optional:-->
        <PolicyVersion id="string">string</PolicyVersion>
        <!--Optional:-->
        <CompanyProductCd id="string" codelistref="string">string</CompanyProductCd>
        <LOBCd id="string" codelistref="string">string</LOBCd>
        <!--Optional:-->
        <LOBSubCd id="string" codelistref="string">string</LOBSubCd>
        <!--Optional:-->
        <NAICCd id="string" codelistref="string">string</NAICCd>
        <!--Optional:-->
        <ControllingStateProvCd id="string" codelistref="string">string</ControllingStateProvCd>
        <!--Optional:-->
        <ContractTerm id="string">
          <!--Optional:-->
          <EffectiveDt id="string">string</EffectiveDt>
          <!--Optional:-->
          <ExpirationDt id="string">string</ExpirationDt>
          <!--Optional:-->
          <StartTime id="string">string</StartTime>
          <!--Optional:-->
          <EndTime id="string">string</EndTime>
          <!--Optional:-->
          <LocalStandardTimeInd id="string">string</LocalStandardTimeInd>
          <!--Optional:-->
          <DurationPeriod id="string">
            <NumUnits id="string">string</NumUnits>
            <!--Optional:-->
            <UnitMeasurementCd id="string" codelistref="string">string</UnitMeasurementCd>
          </DurationPeriod>
          <!--Optional:-->
          <ContinuousInd id="string">string</ContinuousInd>
          <!--Optional:-->
          <Description id="string">string</Description>
          <!--Optional:-->
          <GB.BothDaysInclusiveInd id="string">string</GB.BothDaysInclusiveInd>
        </ContractTerm>
        <!--Optional:-->
        <BillingAccountNumber id="string">string</BillingAccountNumber>
        <!--Optional:-->
        <BillingMethodCd id="string" codelistref="string">string</BillingMethodCd>
        <!--Optional:-->
        <CurrentTermAmt ConversionRateRef="string" id="string">
          <Amt id="string">string</Amt>
          <!--Optional:-->
          <CurCd id="string" codelistref="string">string</CurCd>
        </CurrentTermAmt>
        <!--Optional:-->
        <CustomerServicingCd id="string" codelistref="string">string</CustomerServicingCd>
        <!--Optional:-->
        <SignedDt id="string">string</SignedDt>
        <!--Optional:-->
        <GroupId id="string">string</GroupId>
        <!--Optional:-->
        <LanguageCd id="string" codelistref="string">string</LanguageCd>
        <!--Optional:-->
        <MailingResponsibiltyCd id="string" codelistref="string">string</MailingResponsibiltyCd>
        <!--Optional:-->
        <OriginalInceptionDt id="string">string</OriginalInceptionDt>
        <!--Optional:-->
        <OtherInsuranceWithCompanyCd id="string" codelistref="string">string</OtherInsuranceWithCompanyCd>
        <!--Optional:-->
        <PayorCd id="string" codelistref="string">string</PayorCd>
        <!--Optional:-->
        <PrintedDocumentsRequestedInd id="string">string</PrintedDocumentsRequestedInd>
        <!--Optional:-->
        <RateEffectiveDt id="string">string</RateEffectiveDt>
        <!--Optional:-->
        <RenewalBillingMethodCd id="string" codelistref="string">string</RenewalBillingMethodCd>
        <!--Optional:-->
        <RenewalPayorCd id="string" codelistref="string">string</RenewalPayorCd>
        <!--Optional:-->
        <RenewalTerm id="string">
          <!--Optional:-->
          <EffectiveDt id="string">string</EffectiveDt>
          <!--Optional:-->
          <ExpirationDt id="string">string</ExpirationDt>
          <!--Optional:-->
          <StartTime id="string">string</StartTime>
          <!--Optional:-->
          <EndTime id="string">string</EndTime>
          <!--Optional:-->
          <LocalStandardTimeInd id="string">string</LocalStandardTimeInd>
          <!--Optional:-->
          <DurationPeriod id="string">
            <NumUnits id="string">string</NumUnits>
            <!--Optional:-->
            <UnitMeasurementCd id="string" codelistref="string">string</UnitMeasurementCd>
          </DurationPeriod>
          <!--Optional:-->
          <ContinuousInd id="string">string</ContinuousInd>
          <!--Optional:-->
          <Description id="string">string</Description>
          <!--Optional:-->
          <GB.BothDaysInclusiveInd id="string">string</GB.BothDaysInclusiveInd>
        </RenewalTerm>
        <!--Optional:-->
        <ShortTermPremiumMethodCd id="string" codelistref="string">string</ShortTermPremiumMethodCd>
        <!--Zero or more repetitions:-->
        <SignatureFormTypeCd id="string" codelistref="string">string</SignatureFormTypeCd>
        <!--Zero or more repetitions:-->
        <SignedByCd id="string" codelistref="string">string</SignedByCd>
        <!--Zero or more repetitions:-->
        <CounterSignature id="string">
          <StateProvCd id="string" codelistref="string">string</StateProvCd>
          <!--Optional:-->
          <FieldOfficeCd id="string" codelistref="string">string</FieldOfficeCd>
          <!--Optional:-->
          <ContractNumber id="string">string</ContractNumber>
          <!--Optional:-->
          <CommissionRatePct id="string">string</CommissionRatePct>
          <!--Optional:-->
          <PrintedDocumentsRequestedInd id="string">string</PrintedDocumentsRequestedInd>
        </CounterSignature>
        <!--Optional:-->
        <Binder id="string">
          <!--Optional:-->
          <AgencyBinderNumber id="string">string</AgencyBinderNumber>
          <!--Optional:-->
          <BinderPurposeCd id="string" codelistref="string">string</BinderPurposeCd>
          <ContractTerm id="string">
            <!--Optional:-->
            <EffectiveDt id="string">string</EffectiveDt>
            <!--Optional:-->
            <ExpirationDt id="string">string</ExpirationDt>
            <!--Optional:-->
            <StartTime id="string">string</StartTime>
            <!--Optional:-->
            <EndTime id="string">string</EndTime>
            <!--Optional:-->
            <LocalStandardTimeInd id="string">string</LocalStandardTimeInd>
            <!--Optional:-->
            <DurationPeriod id="string">
              <NumUnits id="string">string</NumUnits>
              <!--Optional:-->
              <UnitMeasurementCd id="string" codelistref="string">string</UnitMeasurementCd>
            </DurationPeriod>
            <!--Optional:-->
            <ContinuousInd id="string">string</ContinuousInd>
            <!--Optional:-->
            <Description id="string">string</Description>
            <!--Optional:-->
            <GB.BothDaysInclusiveInd id="string">string</GB.BothDaysInclusiveInd>
          </ContractTerm>
          <EffectiveDtTime id="string">string</EffectiveDtTime>
          <ExpirationDtTime id="string">string</ExpirationDtTime>
          <!--Optional:-->
          <FormNumber id="string">string</FormNumber>
          <!--Optional:-->
          <NewBinderInd id="string">string</NewBinderInd>
          <!--Optional:-->
          <NonStandardConditionsInd id="string">string</NonStandardConditionsInd>
        </Binder>
        <!--Zero or more repetitions:-->
        <Form id="string">
          <!--Optional:-->
          <FormNumber id="string">string</FormNumber>
          <!--Optional:-->
          <FormName id="string">string</FormName>
          <!--Optional:-->
          <CopyrightOwnerCd id="string" codelistref="string">string</CopyrightOwnerCd>
          <!--Optional:-->
          <CopyrightOwnerNameCd id="string" codelistref="string">string</CopyrightOwnerNameCd>
          <!--Optional:-->
          <FormDesc id="string">string</FormDesc>
          <!--Optional:-->
          <EditionDt id="string">string</EditionDt>
          <!--Optional:-->
          <FormDataArea id="string">string</FormDataArea>
          <!--Optional:-->
          <IterationNumber id="string">string</IterationNumber>
          <!--Optional:-->
          <FormSequencingNumber id="string">string</FormSequencingNumber>
          <!--Optional:-->
          <BondFormOwner id="string">string</BondFormOwner>
          <!--Optional:-->
          <BondFormNumberOwner id="string">string</BondFormNumberOwner>
        </Form>
        <!--Zero or more repetitions:-->
        <Loss id="string">
          <!--Optional:-->
          <ItemIdInfo id="string">
            <!--Optional:-->
            <AgencyId>anyType</AgencyId>
            <!--Optional:-->
            <QueueId>anyType</QueueId>
            <!--Optional:-->
            <InsurerId id="string">string</InsurerId>
            <!--Optional:-->
            <SystemId id="string">string</SystemId>
            <!--Zero or more repetitions:-->
            <OtherIdentifier id="string">
              <!--Zero or more repetitions:-->
              <OtherIdTypeCd id="string" codelistref="string">string</OtherIdTypeCd>
              <!--Optional:-->
              <OtherId id="string">string</OtherId>
            </OtherIdentifier>
          </ItemIdInfo>
          <!--Optional:-->
          <CatastropheLossInd id="string">string</CatastropheLossInd>
          <!--Zero or more repetitions:-->
          <Catastrophe id="string">
            <!--Optional:-->
            <CatastropheCd id="string" codelistref="string">string</CatastropheCd>
            <!--Optional:-->
            <CatastropheCdSourceName id="string">string</CatastropheCdSourceName>
            <!--Optional:-->
            <CatastropheCodeSourceCd id="string" codelistref="string">string</CatastropheCodeSourceCd>
            <!--Optional:-->
            <com.iso_NewCATCd id="string" codelistref="string">string</com.iso_NewCATCd>
          </Catastrophe>
          <!--Optional:-->
          <ClaimSettledInd id="string">string</ClaimSettledInd>
          <!--Zero or more repetitions:-->
          <CoverageCd id="string" codelistref="string">string</CoverageCd>
          <!--Zero or more repetitions:-->
          <LOBCd id="string" codelistref="string">string</LOBCd>
          <!--Zero or more repetitions:-->
          <LOBSubCd id="string" codelistref="string">string</LOBSubCd>
          <!--Optional:-->
          <LossDt id="string">string</LossDt>
          <!--Optional:-->
          <LossDesc id="string">string</LossDesc>
          <!--Optional:-->
          <LossLocationCd id="string" codelistref="string">string</LossLocationCd>
          <!--Optional:-->
          <LossLocationDesc id="string">string</LossLocationDesc>
          <!--Optional:-->
          <ProbableIncurredAmt ConversionRateRef="string" id="string">
            <Amt id="string">string</Amt>
            <!--Optional:-->
            <CurCd id="string" codelistref="string">string</CurCd>
          </ProbableIncurredAmt>
          <!--Optional:-->
          <ProbableExpenseIncurredAmt ConversionRateRef="string" id="string">
            <Amt id="string">string</Amt>
            <!--Optional:-->
            <CurCd id="string" codelistref="string">string</CurCd>
          </ProbableExpenseIncurredAmt>
          <!--Optional:-->
          <TotalExpenseAmt ConversionRateRef="string" id="string">
            <Amt id="string">string</Amt>
            <!--Optional:-->
            <CurCd id="string" codelistref="string">string</CurCd>
          </TotalExpenseAmt>
          <!--Optional:-->
          <TotalPaidAmt ConversionRateRef="string" id="string">
            <Amt id="string">string</Amt>
            <!--Optional:-->
            <CurCd id="string" codelistref="string">string</CurCd>
          </TotalPaidAmt>
        </Loss>
        <!--Optional:-->
        <TotalPaidLossAmt ConversionRateRef="string" id="string">
          <Amt id="string">string</Amt>
          <!--Optional:-->
          <CurCd id="string" codelistref="string">string</CurCd>
        </TotalPaidLossAmt>
        <!--Optional:-->
        <NumLosses id="string">string</NumLosses>
        <!--Optional:-->
        <NumLossesYrs id="string">string</NumLossesYrs>
        <!--Zero or more repetitions:-->
        <OtherOrPriorPolicy id="string">
          <PolicyCd id="string" codelistref="string">string</PolicyCd>
          <!--Optional:-->
          <PolicyNumber id="string">string</PolicyNumber>
          <LOBCd id="string" codelistref="string">string</LOBCd>
          <!--Optional:-->
          <LOBSubCd id="string" codelistref="string">string</LOBSubCd>
          <!--Optional:-->
          <NAICCd id="string" codelistref="string">string</NAICCd>
          <!--Optional:-->
          <InsurerName id="string">string</InsurerName>
          <!--Optional:-->
          <ContractTerm id="string">
            <!--Optional:-->
            <EffectiveDt id="string">string</EffectiveDt>
            <!--Optional:-->
            <ExpirationDt id="string">string</ExpirationDt>
            <!--Optional:-->
            <StartTime id="string">string</StartTime>
            <!--Optional:-->
            <EndTime id="string">string</EndTime>
            <!--Optional:-->
            <LocalStandardTimeInd id="string">string</LocalStandardTimeInd>
            <!--Optional:-->
            <DurationPeriod id="string">
              <NumUnits id="string">string</NumUnits>
              <!--Optional:-->
              <UnitMeasurementCd id="string" codelistref="string">string</UnitMeasurementCd>
            </DurationPeriod>
            <!--Optional:-->
            <ContinuousInd id="string">string</ContinuousInd>
            <!--Optional:-->
            <Description id="string">string</Description>
            <!--Optional:-->
            <GB.BothDaysInclusiveInd id="string">string</GB.BothDaysInclusiveInd>
          </ContractTerm>
          <!--Optional:-->
          <OriginalInceptionDt id="string">string</OriginalInceptionDt>
          <!--Optional:-->
          <PolicyTerminatedCd id="string" codelistref="string">string</PolicyTerminatedCd>
          <!--Optional:-->
          <PolicyTransferInd id="string">string</PolicyTransferInd>
          <!--Optional:-->
          <LengthTimeWithPreviousInsurer id="string">
            <NumUnits id="string">string</NumUnits>
            <!--Optional:-->
            <UnitMeasurementCd id="string" codelistref="string">string</UnitMeasurementCd>
          </LengthTimeWithPreviousInsurer>
          <!--Zero or more repetitions:-->
          <Coverage id="string">
            <CoverageCd id="string" codelistref="string">string</CoverageCd>
            <!--Optional:-->
            <IterationNumber id="string">string</IterationNumber>
            <!--Optional:-->
            <CoverageDesc id="string">string</CoverageDesc>
            <!--Zero or more repetitions:-->
            <Limit id="string">
              <!--You have a CHOICE of the next 4 items at this level-->
              <FormatInteger id="string">string</FormatInteger>
              <FormatCurrencyAmt ConversionRateRef="string" id="string">
                <Amt id="string">string</Amt>
                <!--Optional:-->
                <CurCd id="string" codelistref="string">string</CurCd>
              </FormatCurrencyAmt>
              <FormatModFactor id="string">string</FormatModFactor>
              <FormatPct id="string">string</FormatPct>
              <!--Optional:-->
              <LimitBasisCd id="string" codelistref="string">string</LimitBasisCd>
              <!--Optional:-->
              <ValuationCd id="string" codelistref="string">string</ValuationCd>
              <!--Optional:-->
              <LimitAppliesToCd id="string" codelistref="string">string</LimitAppliesToCd>
              <!--Zero or more repetitions:-->
              <IndexAdjustment id="string">
                <!--Optional:-->
                <IndexAdjustmentAmt ConversionRateRef="string" id="string">
                  <Amt id="string">string</Amt>
                  <!--Optional:-->
                  <CurCd id="string" codelistref="string">string</CurCd>
                </IndexAdjustmentAmt>
                <!--Optional:-->
                <Rate id="string">string</Rate>
                <!--Optional:-->
                <EffectiveDt id="string">string</EffectiveDt>
                <!--Optional:-->
                <IndexAdjustmentFrequencyCd id="string" codelistref="string">string</IndexAdjustmentFrequencyCd>
                <!--Optional:-->
                <IndexAdjustmentDesc id="string">string</IndexAdjustmentDesc>
              </IndexAdjustment>
            </Limit>
            <!--Zero or more repetitions:-->
            <Deductible id="string">
              <!--You have a CHOICE of the next 4 items at this level-->
              <FormatInteger id="string">string</FormatInteger>
              <FormatCurrencyAmt ConversionRateRef="string" id="string">
                <Amt id="string">string</Amt>
                <!--Optional:-->
                <CurCd id="string" codelistref="string">string</CurCd>
              </FormatCurrencyAmt>
              <FormatModFactor id="string">string</FormatModFactor>
              <FormatPct id="string">string</FormatPct>
              <!--Optional:-->
              <DeductibleBasisCd id="string" codelistref="string">string</DeductibleBasisCd>
              <!--Optional:-->
              <DeductibleTypeCd id="string" codelistref="string">string</DeductibleTypeCd>
              <!--Optional:-->
              <DeductibleAppliesToCd id="string" codelistref="string">string</DeductibleAppliesToCd>
              <IndexAdjustment id="string">
                <!--Optional:-->
                <IndexAdjustmentAmt ConversionRateRef="string" id="string">
                  <Amt id="string">string</Amt>
                  <!--Optional:-->
                  <CurCd id="string" codelistref="string">string</CurCd>
                </IndexAdjustmentAmt>
                <!--Optional:-->
                <Rate id="string">string</Rate>
                <!--Optional:-->
                <EffectiveDt id="string">string</EffectiveDt>
                <!--Optional:-->
                <IndexAdjustmentFrequencyCd id="string" codelistref="string">string</IndexAdjustmentFrequencyCd>
                <!--Optional:-->
                <IndexAdjustmentDesc id="string">string</IndexAdjustmentDesc>
              </IndexAdjustment>
            </Deductible>
            <!--Zero or more repetitions:-->
            <Option id="string">
              <!--Optional:-->
              <OptionTypeCd id="string" codelistref="string">string</OptionTypeCd>
              <!--Optional:-->
              <OptionCd id="string" codelistref="string">string</OptionCd>
              <!--Optional:-->
              <OptionValue id="string">string</OptionValue>
            </Option>
            <!--Optional:-->
            <CurrentTermAmt ConversionRateRef="string" id="string">
              <Amt id="string">string</Amt>
              <!--Optional:-->
              <CurCd id="string" codelistref="string">string</CurCd>
            </CurrentTermAmt>
            <!--Zero or more repetitions:-->
            <CreditOrSurcharge id="string">
              <!--Optional:-->
              <CreditSurchargeDt id="string">string</CreditSurchargeDt>
              <CreditSurchargeCd id="string" codelistref="string">string</CreditSurchargeCd>
              <!--Zero or more repetitions:-->
              <NumericValue id="string">
                <!--You have a CHOICE of the next 4 items at this level-->
                <FormatInteger id="string">string</FormatInteger>
                <FormatCurrencyAmt ConversionRateRef="string" id="string">
                  <Amt id="string">string</Amt>
                  <!--Optional:-->
                  <CurCd id="string" codelistref="string">string</CurCd>
                </FormatCurrencyAmt>
                <FormatModFactor id="string">string</FormatModFactor>
                <FormatPct id="string">string</FormatPct>
              </NumericValue>
              <!--Optional:-->
              <SecondaryCd id="string" codelistref="string">string</SecondaryCd>
            </CreditOrSurcharge>
            <!--Zero or more repetitions:-->
            <EffectiveDt id="string">string</EffectiveDt>
            <!--Zero or more repetitions:-->
            <ExpirationDt id="string">string</ExpirationDt>
            <!--Optional:-->
            <Rate id="string">string</Rate>
            <!--Optional:-->
            <PremiumBasisCd id="string" codelistref="string">string</PremiumBasisCd>
            <!--Optional:-->
            <TerritoryCd id="string" codelistref="string">string</TerritoryCd>
            <!--Optional:-->
            <Form id="string">
              <!--Optional:-->
              <FormNumber id="string">string</FormNumber>
              <!--Optional:-->
              <FormName id="string">string</FormName>
              <!--Optional:-->
              <CopyrightOwnerCd id="string" codelistref="string">string</CopyrightOwnerCd>
              <!--Optional:-->
              <CopyrightOwnerNameCd id="string" codelistref="string">string</CopyrightOwnerNameCd>
              <!--Optional:-->
              <FormDesc id="string">string</FormDesc>
              <!--Optional:-->
              <EditionDt id="string">string</EditionDt>
              <!--Optional:-->
              <FormDataArea id="string">string</FormDataArea>
              <!--Optional:-->
              <IterationNumber id="string">string</IterationNumber>
              <!--Optional:-->
              <FormSequencingNumber id="string">string</FormSequencingNumber>
              <!--Optional:-->
              <BondFormOwner id="string">string</BondFormOwner>
              <!--Optional:-->
              <BondFormNumberOwner id="string">string</BondFormNumberOwner>
            </Form>
            <!--Zero or more repetitions:-->
            <MiscParty id="string">
              <ItemIdInfo>
                <AgencyId>anyType</AgencyId>
                <!--Optional:-->
                <QueueId>anyType</QueueId>
              </ItemIdInfo>
              <!--Optional:-->
              <GeneralPartyInfo id="string">
                <!--Zero or more repetitions:-->
                <NameInfo id="string">
                  <!--You have a CHOICE of the next 3 items at this level-->
                  <CommlName id="string">
                    <CommercialName id="string">string</CommercialName>
                    <!--Optional:-->
                    <IndexName id="string">string</IndexName>
                    <!--Zero or more repetitions:-->
                    <SupplementaryNameInfo id="string">
                      <SupplementaryNameCd id="string" codelistref="string">string</SupplementaryNameCd>
                      <SupplementaryName id="string">string</SupplementaryName>
                    </SupplementaryNameInfo>
                  </CommlName>
                  <FamilyName id="string">
                    <!--Optional:-->
                    <TitlePrefix id="string">string</TitlePrefix>
                    <FamilyNames id="string">string</FamilyNames>
                    <Surname id="string">string</Surname>
                    <!--Optional:-->
                    <NameSuffix id="string">string</NameSuffix>
                  </FamilyName>
                  <PersonName id="string">
                    <Surname id="string">string</Surname>
                    <!--Optional:-->
                    <GivenName id="string">string</GivenName>
                    <!--Zero or more repetitions:-->
                    <OtherGivenName id="string">string</OtherGivenName>
                    <!--Optional:-->
                    <TitlePrefix id="string">string</TitlePrefix>
                    <!--Optional:-->
                    <NameSuffix id="string">string</NameSuffix>
                    <!--Optional:-->
                    <NickName id="string">string</NickName>
                  </PersonName>
                  <!--Optional:-->
                  <LegalEntityCd id="string" codelistref="string">string</LegalEntityCd>
                  <!--Zero or more repetitions:-->
                  <TaxIdentity id="string">
                    <TaxIdTypeCd id="string" codelistref="string">string</TaxIdTypeCd>
                    <TaxId id="string">string</TaxId>
                    <!--Optional:-->
                    <TaxIdSource id="string">string</TaxIdSource>
                    <!--Optional:-->
                    <StateProvCd id="string" codelistref="string">string</StateProvCd>
                    <!--Optional:-->
                    <StateProv id="string">string</StateProv>
                    <!--Optional:-->
                    <CountryCd id="string" codelistref="string">string</CountryCd>
                    <!--Optional:-->
                    <Country id="string">string</Country>
                    <!--Optional:-->
                    <County id="string">string</County>
                  </TaxIdentity>
                  <!--Zero or more repetitions:-->
                  <NonTaxIdentity id="string">
                    <NonTaxIdTypeCd id="string" codelistref="string">string</NonTaxIdTypeCd>
                    <NonTaxId id="string">string</NonTaxId>
                    <!--Optional:-->
                    <PrimaryNonTaxInd id="string">string</PrimaryNonTaxInd>
                    <!--Optional:-->
                    <StateProvCd id="string" codelistref="string">string</StateProvCd>
                    <!--Optional:-->
                    <StateProv id="string">string</StateProv>
                    <!--Optional:-->
                    <CountryCd id="string" codelistref="string">string</CountryCd>
                    <!--Optional:-->
                    <Country id="string">string</Country>
                  </NonTaxIdentity>
                </NameInfo>
                <!--Zero or more repetitions:-->
                <Addr id="string">
                  <!--Zero or more repetitions:-->
                  <AddrTypeCd id="string" codelistref="string">string</AddrTypeCd>
                  <!--Optional:-->
                  <Addr1 id="string">string</Addr1>
                  <!--Optional:-->
                  <Addr2 id="string">string</Addr2>
                  <!--Optional:-->
                  <Addr3 id="string">string</Addr3>
                  <!--Optional:-->
                  <Addr4 id="string">string</Addr4>
                  <!--Optional:-->
                  <City id="string">string</City>
                  <!--Optional:-->
                  <StateProvCd id="string" codelistref="string">string</StateProvCd>
                  <!--Optional:-->
                  <StateProv id="string">string</StateProv>
                  <!--Optional:-->
                  <PostalCode id="string">string</PostalCode>
                  <!--Optional:-->
                  <CountryCd id="string" codelistref="string">string</CountryCd>
                  <!--Optional:-->
                  <Country id="string">string</Country>
                  <!--Optional:-->
                  <Latitude id="string">string</Latitude>
                  <!--Optional:-->
                  <Longitude id="string">string</Longitude>
                  <!--Optional:-->
                  <County id="string">string</County>
                  <!--Optional:-->
                  <com.iso_VerifiedAddrInd id="string">string</com.iso_VerifiedAddrInd>
                  <!--Optional:-->
                  <com.iso_FirstDt id="string">string</com.iso_FirstDt>
                  <!--Optional:-->
                  <com.iso_LastDt id="string">string</com.iso_LastDt>
                </Addr>
                <!--Zero or more repetitions:-->
                <PreferredContact id="string">
                  <!--Optional:-->
                  <PreferencePriority id="string">string</PreferencePriority>
                  <!--Optional:-->
                  <ContactDuration id="string">
                    <!--Optional:-->
                    <EffectiveDt id="string">string</EffectiveDt>
                    <!--Optional:-->
                    <ExpirationDt id="string">string</ExpirationDt>
                    <!--Optional:-->
                    <StartTime id="string">string</StartTime>
                    <!--Optional:-->
                    <EndTime id="string">string</EndTime>
                    <!--Optional:-->
                    <LocalStandardTimeInd id="string">string</LocalStandardTimeInd>
                    <!--Optional:-->
                    <DurationPeriod id="string">
                      <NumUnits id="string">string</NumUnits>
                      <!--Optional:-->
                      <UnitMeasurementCd id="string" codelistref="string">string</UnitMeasurementCd>
                    </DurationPeriod>
                    <!--Optional:-->
                    <ContinuousInd id="string">string</ContinuousInd>
                    <!--Optional:-->
                    <Description id="string">string</Description>
                    <!--Optional:-->
                    <GB.BothDaysInclusiveInd id="string">string</GB.BothDaysInclusiveInd>
                  </ContactDuration>
                  <!--Optional:-->
                  <BlackoutDuration id="string">
                    <!--Optional:-->
                    <EffectiveDt id="string">string</EffectiveDt>
                    <!--Optional:-->
                    <ExpirationDt id="string">string</ExpirationDt>
                    <!--Optional:-->
                    <StartTime id="string">string</StartTime>
                    <!--Optional:-->
                    <EndTime id="string">string</EndTime>
                    <!--Optional:-->
                    <LocalStandardTimeInd id="string">string</LocalStandardTimeInd>
                    <!--Optional:-->
                    <DurationPeriod id="string">
                      <NumUnits id="string">string</NumUnits>
                      <!--Optional:-->
                      <UnitMeasurementCd id="string" codelistref="string">string</UnitMeasurementCd>
                    </DurationPeriod>
                    <!--Optional:-->
                    <ContinuousInd id="string">string</ContinuousInd>
                    <!--Optional:-->
                    <Description id="string">string</Description>
                    <!--Optional:-->
                    <GB.BothDaysInclusiveInd id="string">string</GB.BothDaysInclusiveInd>
                  </BlackoutDuration>
                </PreferredContact>
                <!--Optional:-->
                <Communications id="string">
                  <!--Zero or more repetitions:-->
                  <PhoneInfo id="string">
                    <!--Optional:-->
                    <PhoneTypeCd id="string" codelistref="string">string</PhoneTypeCd>
                    <!--Zero or more repetitions:-->
                    <CommunicationUseCd id="string" codelistref="string">string</CommunicationUseCd>
                    <PhoneNumber id="string">string</PhoneNumber>
                    <!--Optional:-->
                    <EmailAddr id="string">string</EmailAddr>
                    <!--Optional:-->
                    <com.iso_PhoneName id="string">string</com.iso_PhoneName>
                    <!--Optional:-->
                    <com.iso_PublishedInd id="string">string</com.iso_PublishedInd>
                  </PhoneInfo>
                  <!--Zero or more repetitions:-->
                  <EmailInfo id="string" idref="string">
                    <!--Zero or more repetitions:-->
                    <CommunicationUseCd id="string" codelistref="string">string</CommunicationUseCd>
                    <EmailAddr id="string">string</EmailAddr>
                  </EmailInfo>
                  <!--Zero or more repetitions:-->
                  <WebsiteInfo id="string">
                    <!--Optional:-->
                    <CommunicationUseCd id="string" codelistref="string">string</CommunicationUseCd>
                    <WebsiteURL id="string">string</WebsiteURL>
                  </WebsiteInfo>
                </Communications>
              </GeneralPartyInfo>
              <!--Optional:-->
              <com.iso_SIUInfo id="string">
                <!--Optional:-->
                <GeneralPartyInfo id="string">
                  <!--Zero or more repetitions:-->
                  <NameInfo id="string">
                    <!--You have a CHOICE of the next 3 items at this level-->
                    <CommlName id="string">
                      <CommercialName id="string">string</CommercialName>
                      <!--Optional:-->
                      <IndexName id="string">string</IndexName>
                      <!--Zero or more repetitions:-->
                      <SupplementaryNameInfo id="string">
                        <SupplementaryNameCd id="string" codelistref="string">string</SupplementaryNameCd>
                        <SupplementaryName id="string">string</SupplementaryName>
                      </SupplementaryNameInfo>
                    </CommlName>
                    <FamilyName id="string">
                      <!--Optional:-->
                      <TitlePrefix id="string">string</TitlePrefix>
                      <FamilyNames id="string">string</FamilyNames>
                      <Surname id="string">string</Surname>
                      <!--Optional:-->
                      <NameSuffix id="string">string</NameSuffix>
                    </FamilyName>
                    <PersonName id="string">
                      <Surname id="string">string</Surname>
                      <!--Optional:-->
                      <GivenName id="string">string</GivenName>
                      <!--Zero or more repetitions:-->
                      <OtherGivenName id="string">string</OtherGivenName>
                      <!--Optional:-->
                      <TitlePrefix id="string">string</TitlePrefix>
                      <!--Optional:-->
                      <NameSuffix id="string">string</NameSuffix>
                      <!--Optional:-->
                      <NickName id="string">string</NickName>
                    </PersonName>
                    <!--Optional:-->
                    <LegalEntityCd id="string" codelistref="string">string</LegalEntityCd>
                    <!--Zero or more repetitions:-->
                    <TaxIdentity id="string">
                      <TaxIdTypeCd id="string" codelistref="string">string</TaxIdTypeCd>
                      <TaxId id="string">string</TaxId>
                      <!--Optional:-->
                      <TaxIdSource id="string">string</TaxIdSource>
                      <!--Optional:-->
                      <StateProvCd id="string" codelistref="string">string</StateProvCd>
                      <!--Optional:-->
                      <StateProv id="string">string</StateProv>
                      <!--Optional:-->
                      <CountryCd id="string" codelistref="string">string</CountryCd>
                      <!--Optional:-->
                      <Country id="string">string</Country>
                      <!--Optional:-->
                      <County id="string">string</County>
                    </TaxIdentity>
                    <!--Zero or more repetitions:-->
                    <NonTaxIdentity id="string">
                      <NonTaxIdTypeCd id="string" codelistref="string">string</NonTaxIdTypeCd>
                      <NonTaxId id="string">string</NonTaxId>
                      <!--Optional:-->
                      <PrimaryNonTaxInd id="string">string</PrimaryNonTaxInd>
                      <!--Optional:-->
                      <StateProvCd id="string" codelistref="string">string</StateProvCd>
                      <!--Optional:-->
                      <StateProv id="string">string</StateProv>
                      <!--Optional:-->
                      <CountryCd id="string" codelistref="string">string</CountryCd>
                      <!--Optional:-->
                      <Country id="string">string</Country>
                    </NonTaxIdentity>
                  </NameInfo>
                  <!--Zero or more repetitions:-->
                  <Addr id="string">
                    <!--Zero or more repetitions:-->
                    <AddrTypeCd id="string" codelistref="string">string</AddrTypeCd>
                    <!--Optional:-->
                    <Addr1 id="string">string</Addr1>
                    <!--Optional:-->
                    <Addr2 id="string">string</Addr2>
                    <!--Optional:-->
                    <Addr3 id="string">string</Addr3>
                    <!--Optional:-->
                    <Addr4 id="string">string</Addr4>
                    <!--Optional:-->
                    <City id="string">string</City>
                    <!--Optional:-->
                    <StateProvCd id="string" codelistref="string">string</StateProvCd>
                    <!--Optional:-->
                    <StateProv id="string">string</StateProv>
                    <!--Optional:-->
                    <PostalCode id="string">string</PostalCode>
                    <!--Optional:-->
                    <CountryCd id="string" codelistref="string">string</CountryCd>
                    <!--Optional:-->
                    <Country id="string">string</Country>
                    <!--Optional:-->
                    <Latitude id="string">string</Latitude>
                    <!--Optional:-->
                    <Longitude id="string">string</Longitude>
                    <!--Optional:-->
                    <County id="string">string</County>
                    <!--Optional:-->
                    <com.iso_VerifiedAddrInd id="string">string</com.iso_VerifiedAddrInd>
                    <!--Optional:-->
                    <com.iso_FirstDt id="string">string</com.iso_FirstDt>
                    <!--Optional:-->
                    <com.iso_LastDt id="string">string</com.iso_LastDt>
                  </Addr>
                  <!--Zero or more repetitions:-->
                  <PreferredContact id="string">
                    <!--Optional:-->
                    <PreferencePriority id="string">string</PreferencePriority>
                    <!--Optional:-->
                    <ContactDuration id="string">
                      <!--Optional:-->
                      <EffectiveDt id="string">string</EffectiveDt>
                      <!--Optional:-->
                      <ExpirationDt id="string">string</ExpirationDt>
                      <!--Optional:-->
                      <StartTime id="string">string</StartTime>
                      <!--Optional:-->
                      <EndTime id="string">string</EndTime>
                      <!--Optional:-->
                      <LocalStandardTimeInd id="string">string</LocalStandardTimeInd>
                      <!--Optional:-->
                      <DurationPeriod id="string">
                        <NumUnits id="string">string</NumUnits>
                        <!--Optional:-->
                        <UnitMeasurementCd id="string" codelistref="string">string</UnitMeasurementCd>
                      </DurationPeriod>
                      <!--Optional:-->
                      <ContinuousInd id="string">string</ContinuousInd>
                      <!--Optional:-->
                      <Description id="string">string</Description>
                      <!--Optional:-->
                      <GB.BothDaysInclusiveInd id="string">string</GB.BothDaysInclusiveInd>
                    </ContactDuration>
                    <!--Optional:-->
                    <BlackoutDuration id="string">
                      <!--Optional:-->
                      <EffectiveDt id="string">string</EffectiveDt>
                      <!--Optional:-->
                      <ExpirationDt id="string">string</ExpirationDt>
                      <!--Optional:-->
                      <StartTime id="string">string</StartTime>
                      <!--Optional:-->
                      <EndTime id="string">string</EndTime>
                      <!--Optional:-->
                      <LocalStandardTimeInd id="string">string</LocalStandardTimeInd>
                      <!--Optional:-->
                      <DurationPeriod id="string">
                        <NumUnits id="string">string</NumUnits>
                        <!--Optional:-->
                        <UnitMeasurementCd id="string" codelistref="string">string</UnitMeasurementCd>
                      </DurationPeriod>
                      <!--Optional:-->
                      <ContinuousInd id="string">string</ContinuousInd>
                      <!--Optional:-->
                      <Description id="string">string</Description>
                      <!--Optional:-->
                      <GB.BothDaysInclusiveInd id="string">string</GB.BothDaysInclusiveInd>
                    </BlackoutDuration>
                  </PreferredContact>
                  <!--Optional:-->
                  <Communications id="string">
                    <!--Zero or more repetitions:-->
                    <PhoneInfo id="string">
                      <!--Optional:-->
                      <PhoneTypeCd id="string" codelistref="string">string</PhoneTypeCd>
                      <!--Zero or more repetitions:-->
                      <CommunicationUseCd id="string" codelistref="string">string</CommunicationUseCd>
                      <PhoneNumber id="string">string</PhoneNumber>
                      <!--Optional:-->
                      <EmailAddr id="string">string</EmailAddr>
                      <!--Optional:-->
                      <com.iso_PhoneName id="string">string</com.iso_PhoneName>
                      <!--Optional:-->
                      <com.iso_PublishedInd id="string">string</com.iso_PublishedInd>
                    </PhoneInfo>
                    <!--Zero or more repetitions:-->
                    <!--Zero or more repetitions:-->
                  </Communications>
                </GeneralPartyInfo>
              </com.iso_SIUInfo>
              <!--Optional:-->
              <!--Zero or more repetitions:-->
            </MiscParty>
          </Coverage>
          <!--Optional:-->
          <!--Optional:-->
          <!--Optional:-->
        </OtherOrPriorPolicy>
        <!--Optional:-->
      </Policy>
      <!--Optional:-->
    </ClaimInvestigationAddRq>
  </ClaimsSvcRq>
  <!--Optional:-->
</ACORD>