<ACORD>
   <Status>
      <StatusCd xsi:type="xs:string" xmlns:xs="http://www.w3.org/2001/XMLSchema" xmlns:xsi="http://www.w3.org/2001/XMLSchema-instance">0</StatusCd>
      <StatusDesc xsi:type="xs:string" xmlns:xs="http://www.w3.org/2001/XMLSchema" xmlns:xsi="http://www.w3.org/2001/XMLSchema-instance">Signon was successful</StatusDesc>
   </Status>
   <SignonRs>
      <Status>
         <StatusCd xsi:type="xs:string" xmlns:xs="http://www.w3.org/2001/XMLSchema" xmlns:xsi="http://www.w3.org/2001/XMLSchema-instance">0</StatusCd>
         <StatusDesc xsi:type="xs:string" xmlns:xs="http://www.w3.org/2001/XMLSchema" xmlns:xsi="http://www.w3.org/2001/XMLSchema-instance">Signon was successful</StatusDesc>
      </Status>
      <CustId>
         <CustLoginId>GWCC</CustLoginId>
         <SPName>iso.com</SPName>
         <CustLoginId>GWCC</CustLoginId>
      </CustId>
      <CustLangPref>en_US</CustLangPref>
      <ClientApp>
         <Org>Farmers</Org>
         <Name>John</Name>
         <Version>v_1</Version>
      </ClientApp>
      <ServerDt xsi:type="xs:string" xmlns:xs="http://www.w3.org/2001/XMLSchema" xmlns:xsi="http://www.w3.org/2001/XMLSchema-instance">2017-02-21T18:08:31.491-05:00</ServerDt>
   </SignonRs>
   <ClaimsSvcRs>
      <RqUID>000000000000019167737937646a78316346</RqUID>
   </ClaimsSvcRs>
</ACORD>