<ABContact>
   <FunctionName>T1099</FunctionName>
   <SourceSystem>CRN</SourceSystem>
   <TransactionID>111111222</TransactionID>
   <RequesterTimestamp>2017-01-02-17.40.10.132873</RequesterTimestamp>
   <RequesterTimeZone>GMT</RequesterTimeZone>
   <RequesterUserId>111</RequesterUserId>
   <ProviderTimeStamp>2017-01-15-17.55.29.277067</ProviderTimeStamp>
   <ProviderTimeZone>GMT</ProviderTimeZone>
   <ResponseCode>FI001</ResponseCode>
   <TaxID>123456789</TaxID>
   <TaxStatus>Y</TaxStatus>
   <T1099BUWLevyIndicator>IRS LEVY</T1099BUWLevyIndicator>
   <T1099TINBlockedIndicator>N</T1099TINBlockedIndicator>
   <T1099NewTINNumber>757689890</T1099NewTINNumber>
   <T1099TINType>E</T1099TINType>
   <ABPerson>
      <T1099LastName>HARSHAD</T1099LastName>
      <T1099FirstName>MEHTA</T1099FirstName>
   </ABPerson>
   <ABCompany>
      <T1099Business>ABCD</T1099Business>
   </ABCompany>
   <PrimaryAddress>
      <T1099City>WINNETKA</T1099City>
      <T1099Address>22130 VICTORIA BLVD,APT A214</T1099Address>
      <T1099State>CA</T1099State>
      <T1099Zip5>91367</T1099Zip5>
      <T1099Zip4/>
   </PrimaryAddress>
   <WithholdingInd_Ext/>
   <IRSLevyInd_Ext>IRS LEVY</IRSLevyInd_Ext>
   <ResponseMessage>IRS LEVY DETECTED.</ResponseMessage>
</ABContact>