{
  "providers": [
    {
      "provider": {
        "name": "ABC Bodyshop",
        "firstName": "ABC",
        "middleName": "MName",
        "lastName": "Smith"
      },
      "farmersID": "ZFS-1-GW84NN",
      "geocode": {
        "latitude": "34.186535",
        "longitude": "-118.609737"
      },
      "address": {
        "addressLine": "22167, VICTORY BLVD",
        "city": "WOODLAND HILLS",
        "zip": "91367",
        "zipSuffix": "1234",
        "state": "CA",
        "country": "US"
      },
      "distance": "1.26720197415842",
      "contact": {
        "phone": "8183476583",
        "phoneExt": "1234",
        "fax": "8183474296",
        "cell": "8183474297",
        "email": "abc@yahoo.com",
        "pager": "1-800-pager"
      }
    },
    {
      "provider": {
        "name": "ABC Bodyshop",
        "firstName": "ABC",
        "middleName": "MName",
        "lastName": "Smith"
      },
      "farmersID": "ZFS-1-GW84NN",
      "geocode": {
        "latitude": "34.186535",
        "longitude": "-118.609737"
      },
      "address": {
        "addressLine": "22167, VICTORY BLVD",
        "city": "WOODLAND HILLS",
        "zip": "91367",
        "zipSuffix": "1234",
        "state": "CA",
        "country": "US"
      },
      "distance": "1.26720197415842",
      "contact": {
        "phone": "8183476583",
        "phoneExt": "1234",
        "fax": "8183474296",
        "cell": "8183474297",
        "email": "abc@yahoo.com"
      }
    }
  ]
}