<?xml version="1.0" encoding="UTF-8"?>
<types-v1_0:recordCatastropheResponse xmlns:common="http://schemas.zurich.com/zsoa/fig/claimmanagement/2017/11/common" xmlns:financialservicesagreement="http://schemas.zurich.com/zsoa/fig/claimmanagement/2017/11/financialservicesagreement" xmlns:types-v1_0="http://webservices.zurich.com/zsoa/fig/claimmanagement/claimsettlement-v1_0" xmlns:xsi="http://www.w3.org/2001/XMLSchema-instance" xmlns:zsoa="http://schemas.zurich.com/zsoa/fig/claimmanagement/2017/11/zsoa" xsi:schemaLocation="http://webservices.zurich.com/zsoa/fig/claimmanagement/claimsettlement-v1_0 recordCatastrophe.xsd ">
  <types-v1_0:responseHeader>
    <zsoa:messageReference>zsoa:messageReference</zsoa:messageReference>
    <zsoa:code>zsoa:code</zsoa:code>
    <zsoa:context>zsoa:context</zsoa:context>
    <zsoa:description>zsoa:description</zsoa:description>
    <zsoa:externalReference>zsoa:externalReference</zsoa:externalReference>
  </types-v1_0:responseHeader>
  <types-v1_0:transactionNotification>
    <common:legalEntity>common:legalEntity</common:legalEntity>
    <common:respTimeZone>common:respTimeZone</common:respTimeZone>
    <common:transactionCode>common:transactionCode</common:transactionCode>
    <common:transactionDate>2001-01-01</common:transactionDate>
    <common:transactionId>common:transactionId</common:transactionId>
    <common:transactionStatus>E</common:transactionStatus>
    <common:transactionType>common:transactionType</common:transactionType>
    <common:uniqueIdentifier>common:uniqueIdentifier</common:uniqueIdentifier>
    <common:uniqueTransactionName>common:uniqueTransactionName</common:uniqueTransactionName>
    <common:remark xsi:type="common:Remark">
      <common:messageCode>common:messageCode</common:messageCode>
      <common:messageDate>2001-12-31T12:00:00</common:messageDate>
      <common:messageNumber>common:messageNumber</common:messageNumber>
      <common:messageReferenceID>common:messageReferenceID</common:messageReferenceID>
      <common:messageReferenceName>common:messageReferenceName</common:messageReferenceName>
      <common:messageStatus>common:messageStatus</common:messageStatus>
      <common:messageText>common:messageText</common:messageText>
      <common:messageType>Error</common:messageType>
    </common:remark>
  </types-v1_0:transactionNotification>
</types-v1_0:recordCatastropheResponse>
