<?xml version="1.0" encoding="UTF-8"?>
<types-v1_0:recordCatastrophe xmlns:common="http://schemas.zurich.com/zsoa/fig/claimmanagement/2017/11/common" xmlns:financialservicesagreement="http://schemas.zurich.com/zsoa/fig/claimmanagement/2017/11/financialservicesagreement" xmlns:types-v1_0="http://webservices.zurich.com/zsoa/fig/claimmanagement/claimsettlement-v1_0" xmlns:xsi="http://www.w3.org/2001/XMLSchema-instance" xmlns:zsoa="http://schemas.zurich.com/zsoa/fig/claimmanagement/2017/11/zsoa" xsi:schemaLocation="http://webservices.zurich.com/zsoa/fig/claimmanagement/claimsettlement-v1_0 recordCatastrophe.xsd ">
  <types-v1_0:requestHeader>
    <zsoa:userId>zsoa:userId</zsoa:userId>
    <zsoa:systemDateTime>2001-12-31T12:00:00</zsoa:systemDateTime>
    <zsoa:systemName>zsoa:systemName</zsoa:systemName>
    <zsoa:applicationType>Batch</zsoa:applicationType>
    <zsoa:messageReference>zsoa:messageReference</zsoa:messageReference>
    <zsoa:functionName>zsoa:functionName</zsoa:functionName>
    <zsoa:legalEntity>zsoa:legalEntity</zsoa:legalEntity>
    <zsoa:userLanguage>zsoa:userLanguage</zsoa:userLanguage>
    <zsoa:transactionStartDateTime>2001-12-31T12:00:00</zsoa:transactionStartDateTime>
  </types-v1_0:requestHeader>
  <types-v1_0:catastropheRequestData>
    <financialservicesagreement:catastropheDetails>
      <financialservicesagreement:bcoEnabled>financialservicesagreement:bcoEnabled</financialservicesagreement:bcoEnabled>
      <financialservicesagreement:causeOfLoss>financialservicesagreement:causeOfLoss</financialservicesagreement:causeOfLoss>
      <financialservicesagreement:claimType>financialservicesagreement:claimType</financialservicesagreement:claimType>
      <financialservicesagreement:createdDetTime>2001-12-31T12:00:00</financialservicesagreement:createdDetTime>
      <financialservicesagreement:crnCompanyName>financialservicesagreement:crnCompanyName</financialservicesagreement:crnCompanyName>
      <financialservicesagreement:detailStatus>financialservicesagreement:detailStatus</financialservicesagreement:detailStatus>
      <financialservicesagreement:driveInEnabled>financialservicesagreement:driveInEnabled</financialservicesagreement:driveInEnabled>
      <financialservicesagreement:fireIgnitionSource>financialservicesagreement:fireIgnitionSource</financialservicesagreement:fireIgnitionSource>
      <financialservicesagreement:lossState>financialservicesagreement:lossState</financialservicesagreement:lossState>
      <financialservicesagreement:policyType>financialservicesagreement:policyType</financialservicesagreement:policyType>
      <financialservicesagreement:prdEnabled>financialservicesagreement:prdEnabled</financialservicesagreement:prdEnabled>
      <financialservicesagreement:servicePowerEnabled>financialservicesagreement:servicePowerEnabled</financialservicesagreement:servicePowerEnabled>
      <financialservicesagreement:updatedDetTime>2001-12-31T12:00:00</financialservicesagreement:updatedDetTime>
    </financialservicesagreement:catastropheDetails>
    <financialservicesagreement:catastrophicCode>financialservicesagreement:catastrophicCode</financialservicesagreement:catastrophicCode>
    <financialservicesagreement:createdTimeStamp>2001-12-31T12:00:00</financialservicesagreement:createdTimeStamp>
    <financialservicesagreement:description>financialservicesagreement:description</financialservicesagreement:description>
    <financialservicesagreement:endDate>2001-01-01</financialservicesagreement:endDate>
    <financialservicesagreement:functionName>financialservicesagreement:functionName</financialservicesagreement:functionName>
    <financialservicesagreement:isoCode>financialservicesagreement:isoCode</financialservicesagreement:isoCode>
    <financialservicesagreement:isoCount>financialservicesagreement:isoCount</financialservicesagreement:isoCount>
    <financialservicesagreement:legacyHandled>financialservicesagreement:legacyHandled</financialservicesagreement:legacyHandled>
    <financialservicesagreement:sourceSystem>financialservicesagreement:sourceSystem</financialservicesagreement:sourceSystem>
    <financialservicesagreement:startDate>2001-01-01</financialservicesagreement:startDate>
    <financialservicesagreement:status>financialservicesagreement:status</financialservicesagreement:status>
    <financialservicesagreement:transactionStatus>financialservicesagreement:transactionStatus</financialservicesagreement:transactionStatus>
    <financialservicesagreement:updatedTimeStamp>2001-12-31T12:00:00</financialservicesagreement:updatedTimeStamp>
  </types-v1_0:catastropheRequestData>
</types-v1_0:recordCatastrophe>
