<?xml version='1.0' encoding='UTF-8'?>
<ns1:towAssignment xmlns:ns1="http://webservices.zurich.com/zsoa/fig/claimmanagement/towassignment-v1_0">
  <ns0:agentDetail xmlns:ns0="http://schemas.zurich.com/zsoa/fig/claimmanagement/2017/12/claim">
    <ns0:email>agent@test.com</ns0:email>
    <ns0:fullName>agent name</ns0:fullName>
    <ns0:phoneNumber>111-222-3456</ns0:phoneNumber>
  </ns0:agentDetail>
  <ns0:agentNotes xmlns:ns0="http://schemas.zurich.com/zsoa/fig/claimmanagement/2017/12/claim">not available</ns0:agentNotes>
  <ns0:claimNumber xmlns:ns0="http://schemas.zurich.com/zsoa/fig/claimmanagement/2017/12/claim">2000897361-1-1</ns0:claimNumber>
  <ns0:destinationLocation xmlns:ns0="http://schemas.zurich.com/zsoa/fig/claimmanagement/2017/12/claim">
    <ns0:addressLine1>1234 Longview Avenue</ns0:addressLine1>
    <ns0:city>Springfield</ns0:city>
    <ns0:stateCode>MO</ns0:stateCode>
  </ns0:destinationLocation>
  <ns0:jobDetails xmlns:ns0="http://schemas.zurich.com/zsoa/fig/claimmanagement/2017/12/claim">
    <ns0:vehicleLocationType>vehLocType</ns0:vehicleLocationType>
  </ns0:jobDetails>
  <ns0:noCoverageInd xmlns:ns0="http://schemas.zurich.com/zsoa/fig/claimmanagement/2017/12/claim">no</ns0:noCoverageInd>
  <ns0:personDetails xmlns:ns0="http://schemas.zurich.com/zsoa/fig/claimmanagement/2017/12/claim">
    <ns0:firstName>John</ns0:firstName>
    <ns0:lastName>Doe</ns0:lastName>
    <ns0:phoneNumber>222-888-9787</ns0:phoneNumber>
    <ns0:uniqueId>876-88-9098</ns0:uniqueId>
  </ns0:personDetails>
  <ns0:serviceRequestNumber xmlns:ns0="http://schemas.zurich.com/zsoa/fig/claimmanagement/2017/12/claim">12348090</ns0:serviceRequestNumber>
  <ns0:vehicleDetails xmlns:ns0="http://schemas.zurich.com/zsoa/fig/claimmanagement/2017/12/claim">
    <ns0:vehicleColor>Caramel Brown</ns0:vehicleColor>
    <ns0:vehicleMake>Alfa Romeo</ns0:vehicleMake>
    <ns0:vehicleModel>Giulia</ns0:vehicleModel>
    <ns0:vehicleYear>2016</ns0:vehicleYear>
    <ns0:vin>V123458975</ns0:vin>
  </ns0:vehicleDetails>
  <ns0:vehicleLocation xmlns:ns0="http://schemas.zurich.com/zsoa/fig/claimmanagement/2017/12/claim">
    <ns0:addressLine1>8672 St.Sebastian blvd</ns0:addressLine1>
    <ns0:city>Boulder City</ns0:city>
    <ns0:stateCode>NV</ns0:stateCode>
  </ns0:vehicleLocation>
</ns1:towAssignment>