{
  "user": {
    "profile": {
      "firstName": "Isaac",
      "lastName": "Brock",
      "email": "isaac.brock@example.com",
      "loginId": "isaac.brock@example.com",
      "cssId": "8807547",
      "phone": "555-415-1337"
    },
    "credentials": {
      "password": "123",
     
      "questions": [
        {
          "question": "Who's a major player in the cowboy scene?",
          "answer": "Who's a major player in the cowboy scene?"
        },
        {
          "question": "Who's a major player in the cowboy scene?",
          "answer": "Who's a major player in the cowboy scene?"
        }
      ]
    }
  }
}