{
  "users": [
    {
      "profile": {
        "firstName": "Isaac",
        "lastName": "Brock",
        "email": "isaac.brock@example.com",
        "loginId": "isaac.brock@example.com",
        "oktaId": "00udp4iwp0FL7Z5zs0h7",
        "cssId": "8807547",
        "phone": "555-415-1337",
        "status": "Active",
        "lastLogin": "2018-01-20T00:13:30.000Z"
      },
      "credentials": {
        "password": "",
        "questions": [
          {
            "question": "Who's a major player in the cowboy scene?",
            "answer": "Who's a major player in the cowboy scene?"
          },
          {
            "question": "Who's a major player in the cowboy scene?",
            "answer": "Who's a major player in the cowboy scene?"
          }
        ]
      }
    }
  ]
}