{
    "DocProcessingMessage": {
        "UploadEfnolDocument": {
            "RecordId": "a1FL0000001fl6iMAA",
            "AttachmentID": "00PL0000003hYdUMAU",
            "ClaimNumber": "5999065333",
            "ClaimUnitList": {
                "ClaimUnitNumber": [
                    "5999065333-1-1",
                    "5999065333-1-2"
                ]
            },
            "ContactCRNId": "",
            "DocDescription": "Claim Summary",
            "DocType": "Report of New Loss",
            "SubType": "New Loss Report",
            "FileName": "5999065336_Loss_Summary.pdf",
            "Sender": "EFNOL",
            "Source": "Internal",
            "State": "NJ",
            "UploadStatus": "false",
            "ClaimSource": "HEART"
        }
    }
}