<DocProcessingMessage>
<UploadEfnolDocument>
    <RecordId>a1FL0000001fl6iMAA</RecordId> 
    <AttachmentID>00PL0000003hYdUMAU</AttachmentID> 
    <ClaimNumber>5999065333</ClaimNumber>
    <ClaimUnitList>
	<ClaimUnitNumber>5999065333-1-1</ClaimUnitNumber> 
    	<ClaimUnitNumber>5999065333-1-2</ClaimUnitNumber> 	
    </ClaimUnitList>
    <ContactCRNId></ContactCRNId>
    <DocDescription>Claim Summary</DocDescription>
    <DocType>Report of New Loss</DocType>
    <SubType>New Loss Report</SubType>
    <FileName>5999065336_Loss_Summary.pdf</FileName>
    <Sender>EFNOL</Sender>
    <Source>Internal</Source>
    <State>NJ</State>
   <UploadStatus>false</UploadStatus> 
   <ClaimSource>HEART</ClaimSource>
</UploadEfnolDocument>
</DocProcessingMessage>