{
  "policySummary": {
    "customer": {
      "userType": "?",
      "person": {
        "firstName": "?",
        "middleName": "?",
        "lastName": "?"
      },
      "gender": "M",
      "dateofbirth": "MM-DD-YYYY",
      "electronicAddress": "JC196940@GMAIL.COM",
      "telephoneNumber": "8015997502",
      "customerID": "?"
    },
    "policy": [
      {
        "termStartDate": "?",
        "termEndDate": "?",
        "termID": "?",
        "renewalDate": "?",
        "renewalIndicator": "?",
        "cancellationDate": "?",
        "cancellationReason": "?",
        "lapseInCoverage": "?",
        "lapseDate": "?",
        "fullTermPremium": "?",
        "currencyCode": "?",
        "escrowBillIndicator": "?",
        "paperlessIndicator": "?",
        "policyNumber": "?",
        "policyStatusCode": "?",
        "policyStatus": "?",
        "sourceSystemCode": "APPSCE",
        "policyProductType": "?",
        "agentCode": "?",
        "lob": "?",
        "brand": "?",
        "payplan": "?",
        "houseHoldNumber": "0611441212",
        "moreHouseHoldCountIndicator": "false",
        "insurerCompanyCode": "6",
        "insurerCompanyName": "Mid-Century Insurance Company",
        "policyStateCode": "76",
        "policyState": "UT",
        "policyProductCode": "FI",
        "policyDescription": "",
        "noAgentIndicator": "",
        "policySubProductCode": "",
        "agentOfRecordId": "",
        "billingAccountNumber": "",
        "levyIndicator": "",
        "roleType": "",
        "insured": [
          {
            "type": "Driver",
            "person": {
              "firstName": "?",
              "middleName": "?",
              "lastName": "?"
            },
            "gender": "M",
            "dateofbirth": "MM-DD-YYYY",
            "electronicAddress": "JC196940@GMAIL.COM",
            "telephoneNumber": "8015997502",
            "address": {
              "streetAddress1": "",
              "streetAddress2": "",
              "city": "",
              "state": "",
              "zip": "",
              "zipSuffix": "1234",
              "country": "",
              "province": "?"
            }
          }
        ],
        "policyCoverages": [
          {
            "coverageTypeCode": "?",
            "coverageTypeDescription": "?",
            "coverageAmount": "?",
            "coverageAmountType": "?",
            "valueAmount1": "?",
            "valueAmount2": "?",
            "valueAmount3": "?"
          }
        ],
        "address": [
          {
            "addressType": "Mailing",
            "StreetAddress1": "1100 S MAIN ST",
            "StreetAddress2": "?",
            "city": "LOS ANGELES",
            "state": "CA",
            "zip": "93063",
            "zipSuffix": "1234",
            "country": "?",
            "province": "?"
          }
        ],
        "agentInfo": {
          "firstName": "SHERRIE",
          "middleName": "?",
          "lastName": "EICHMEIER",
          "agentDistrictCode": "06",
          "agentRegionCode": "76",
          "agentPhoneNumber": [
            {
              "telephoneNumber": {
                "contactPointAsString": "8015291208",
                "electronicType": "Voice"
              }
            },
            {
              "telephoneNumber": {
                "contactPointAsString": "0801593595",
                "electronicType": "Fax"
              }
            }
          ],
          "address": {
            "addressType": "?",
            "StreetAddress1": "1100 S MAIN ST",
            "StreetAddress2": "?",
            "city": "LOS ANGELES",
            "state": "CA",
            "zip": "93063",
            "zipSuffix": "1234",
            "country": "?",
            "province": "?"
          }
        },
        "houseHoldMembers": [
          {
            "houseHoldMemberIndicator": "true",
            "memberRelationshipType": "H",
            "policyRestriction": "NO RESTRICTION",
            "rideShareDriverIndicator": "false",
            "isRatedDriver": "true",
            "firstName": "JEFFREY",
            "middleName": "?",
            "lastName": "CHRISTENSEN",
            "id": "552503360",
            "primeRole": "CLIENT IS A DRIVER",
            "birthDate": "1969-10-05",
            "gender": "Male",
            "maritalStatus": "Married",
            "reasonCode": "",
            "drivingLicense": {
              "number": "?",
              "issuedState": "?",
              "expiryDate": "?",
              "issuedDate": "?",
              "status": "VL",
              "id": "",
              "description": ""
            }
          }
        ],
        "autoPolicy": {
          "isMulticarPolicy": "true",
          "umbrellaPolicyIndicator": "N",
          "nonDrivers": [
            {
              "person": {
                "firstName": "?",
                "middleName": "?",
                "lastName": "?"
              },
              "licenseNumber": "?",
              "issuedState": "?",
              "expiryDate": "?",
              "issuedDate": "?",
              "gender": "M",
              "dateofbirth": "MM-DD-YYYY",
              "relationship": "",
              "reasonCode": ""
            }
          ],
          "drivers": [
            {
              "person": {
                "firstName": "?",
                "middleName": "?",
                "lastName": "?"
              },
              "licenseNumber": "?",
              "issuedState": "?",
              "isExcluded": "",
              "expiryDate": "?",
              "issuedDate": "?",
              "gender": "M",
              "dateofbirth": "MM-DD-YYYY",
              "relationship": "",
              "reasonCode": ""
            }
          ],
          "insuredVehicle": [
            {
              "code": "",
              "number": "",
              "effectiveDate": "",
              "motorHorsePower": "0.0",
              "vehicleAlternateExternalReference": "1",
              "vin": "1HGEJ6571VL012659",
              "vehicleMake": "HONDA",
              "vehicleModel": "CIVIC 4D LX",
              "vehicleType": "AUTO",
              "vehicleYear": "1997",
              "inforceDate": "?",
              "status": "?",
              "cancellationReason": "?",
              "fullTermPremium": "?",
              "fullTermPremiumCurrency": "?",
              "ratedDrivers": [
                {
                  "id": "000000000"
                }
              ],
              "address": {
                "addressType": "?",
                "StreetAddress1": "1100 S MAIN ST",
                "StreetAddress2": "?",
                "city": "LOS ANGELES",
                "state": "CA",
                "zip": "93063",
                "zipSuffix": "1234",
                "country": "?",
                "province": "?"
              }
            }
          ]
        },
        "umbrellaPolicy": {
          "exposures": [
            {
              "policyNumber": "?",
              "liabilityAmount": "",
              "exposureCode": "?",
              "carrier": "?"
            }
          ]
        },
        "homePolicy": {
          "addtlMortgageIndicator": "?",
          "ceaPolicyIndicator": "?",
          "ceaPolicyNumber": "?",
          "ceaBillingAccountNumber": "?",
          "fullTermPremium": "?",
          "fullTermPremiumCurrency": "USD",
          "isAdditionalInterests": "?",
          "mortgageAddress": [
            {
              "addressType": "FirstMortgage",
              "name": "?",
              "mortgageNumber": "?",
              "loanNumber": "?",
              "phoneNumber": "?",
              "StreetAddress1": "1100 S MAIN ST",
              "StreetAddress2": null,
              "city": "LOS ANGELES",
              "state": "CA",
              "zip": "93063",
              "zipSuffix": "1234",
              "country": null,
              "province": null
            }
          ]
        },
        "lifePolicy": {
          "fullTermPremium": "?",
          "policyPlanCode": "",
          "productPlanCode": "",
          "balance": "",
          "beneficiary": [
            {
              "person": {
                "firstName": "?",
                "lastName": "?"
              },
              "dateofbirth": "MM-DD-YYYY",
              "beneficiaryId": ""
            }
          ]
        },
        "policyDocument": {
          "associatedDocumentReference": "0901b54e95045e05",
          "validWhenPrintedIndicator": "true",
          "visibleIndicator": "true"
        }
      }
    ]
  }
}