{
  "policy": {
    "termStartDate": "?",
    "termEndDate": "?",
    "termID": "?",
    "renewalDate": "?",
    "renewalIndicator": "?",
    "cancellationDate": "?",
    "cancellationReason": "?",
    "lapseInCoverage": "?",
    "lapseDate": "?",
    "fullTermPremium": "?",
    "currencyCode": "?",
    "escrowBillIndicator": "?",
    "paperlessIndicator": "?",
    "policyNumber": "?",
    "policyStatusCode": "?",
    "policyStatus": "?",
    "sourceSystemCode": "APPSCE",
    "policyProductType": "?",
    "agentCode": "?",
    "lob": "?",
    "brand": "?",
    "payplan": "?",
    "houseHoldNumber": "0611441212",
    "moreHouseHoldCountIndicator": "false",
    "insurerCompanyCode": "6",
    "insurerCompanyName": "Mid-Century Insurance Company",
    "policyStateCode": "76",
    "policyState": "UT",
    "policyProductCode": "FI",
    "policyDescription": "",
    "noAgentIndicator": "",
    "policySubProductCode": "",
    "insured": [
      {
		"type": "Driver",
        "firstName": "?",
        "middleName": "?",
        "lastName": "?",
        "gender": "M",
        "dateofbirth": "MM-DD-YYYY",
        "electronicAddress": "JC196940@GMAIL.COM",
        "telephoneNumber": "8015997502",
        "address": {
          "streetAddress1": "",
          "streetAddress2": "",
          "city": "",
          "state": "",
          "postalCode": "",
          "zipSuffix": "1234",
          "country": "",
          "province": "?"
        }
      }
    ],
    "policyCoverages": [
      {
        "coverageTypeCode": "?",
        "coverageTypeDescription": "?",
        "coverageAmount": "?",
        "coverageAmountType": "?",
        "valueAmount1": "?",
        "valueAmount2": "?",
        "valueAmount3": "?"
      }
    ],
    "address": [
      {
        "addressType": "Mailing",
        "StreetAddress1": "1100 S MAIN ST",
        "StreetAddress2": "?",
        "city": "LOS ANGELES",
        "state": "CA",
        "zip": "93063",
        "zipSuffix": "1234",
        "country": "?",
        "province": "?"
      }
    ],
    "agentInfo": {
      "firstName": "SHERRIE",
      "middleName": "?",
      "lastName": "EICHMEIER",
      "agentDistrictCode": "06",
      "agentRegionCode": "76",
      "agentPhoneNumber": [
        {
          "telephoneNumber": {
            "contactPointAsString": "8015291208",
            "electronicType": "Voice"
          }
        },
        {
          "telephoneNumber": {
            "contactPointAsString": "0801593595",
            "electronicType": "Fax"
          }
        }
      ],
      "address": {
        "addressType": "?",
        "StreetAddress1": "1100 S MAIN ST",
        "StreetAddress2": "?",
        "city": "LOS ANGELES",
        "state": "CA",
        "zip": "93063",
        "zipSuffix": "1234",
        "country": "?",
        "province": "?"
      }
    },
    "autoPolicy": {
      "isMulticarPolicy": "true",
      "umbrellaPolicyIndicator": "N",
      "nonDrivers": [
        {
          "person": {
            "firstName": "?",
            "middleName": "?",
            "lastName": "?"
          },
          "licenseNumber": "?",
          "issuedState": "?",
          "expiryDate": "?",
          "issuedDate": "?",
          "gender": "M",
          "dateofbirth": "MM-DD-YYYY",
          "relationship": "",
          "reasonCode": ""
        }
      ],
      "drivers": [
        {
          "person": {
            "firstName": "?",
            "middleName": "?",
            "lastName": "?"
          },
          "licenseNumber": "?",
          "issuedState": "?",
          "expiryDate": "?",
          "issuedDate": "?",
          "gender": "M",
          "dateofbirth": "MM-DD-YYYY",
          "relationship": "",
          "reasonCode": ""
        }
      ],
      "insuredVehicle": [
        {
          "motorHorsePower": "0.0", 
          "premiumDue": "SOK",
          "vehicleAlternateExternalReference": "1",
          "vin": "1HGEJ6571VL012659",
          "vehicleMake": "HONDA",
          "vehicleModel": "CIVIC 4D LX",
          "vehicleType": "AUTO",
          "vehicleYear": "1997",
          "inforceDate": "?",
          "status": "?",
          "fullTermPremium": "?",
          "ratedDrivers": [
            {
              "id": "000000000"
            }
          ],
          "address": {
            "addressType": "?",
            "StreetAddress1": "1100 S MAIN ST",
            "StreetAddress2": "?",
            "city": "LOS ANGELES",
            "state": "CA",
            "zip": "93063",
            "zipSuffix": "1234",
            "country": "?",
            "province": "?"
          }
        }
      ]
    },
    "umbrellaPolicy": {
      "exposures": [
        {
          "policyNumber": "?",
          "exposureCode": "?",
          "carrier": "?"
        }
      ]
    },
    "homePolicy": {
      "addtlMortgageIndicator": "?",
      "ceaPolicyIndicator": "?",
      "ceaPolicyNumber": "?",
      "ceaBillingAccountNumber": "?",
      "mortgageAddress": [
        {
          "addressType": "FirstMortgage",
          "name": "?",
          "mortgageNumber": "?",
          "loanNumber": "?",
          "phoneNumber": "?",
          "StreetAddress1": "1100 S MAIN ST",
          "StreetAddress2": null,
          "city": "LOS ANGELES",
          "state": "CA",
          "zip": "93063",
          "zipSuffix": "1234",
          "country": null,
          "province": null
        }
      ]
    },
    "specialtyPolicy": {
      "isAdditionalInterests": "",
      "unit": [
        {
          "code": "",
          "number": "",
          "effeciveDate": "",
          "premiumAmount": "",
          "currency": "",
          "year": "?",
          "make": "?",
          "model": "?",
          "VINHIN": "",
          "address": {
            "streetAddress1": "",
            "streetAddress2": "",
            "city": "",
            "state": "",
            "postalCode": "",
            "country": ""
          }
        }
      ],
      "driver": [
        {
          "lastName": "",
          "firstName": "",
          "middleName": "",
          "dateOfBirth": "",
          "gender": "",
          "licenseNumber": "",
          "licenseState": "",
          "isExcluded": ""
        }
      ],
      "mortgageInfo": {
        "companyName": "",
        "loanNumber": "",
        "address": {
          "streetAddress1": "",
          "streetAddress2": "",
          "city": "",
          "state": "",
          "postalCode": "",
          "country": ""
        }
      }
    },
	"policyDocument": {
		"associatedDocumentReference": "0901b54e95045e05",
		"validWhenPrintedIndicator": "true",
		"visibleIndicator": "true"
	}
  }
}
