{
	"policyUnitDetails": {
		"policyNumber": "0184512667",
		"policyUnitId": "4",
		"policyStateCode": "08",
		"coverageSourceSystem": "APPS",
		"coverageVerificationStatus": "true",
		"lossNumber": "JM135245",
		"insured": [
			{
				"firstName": "James",
				"lastName": "Smith",
				"address": [
					{
						"streetAddress1": "22101 Erwin St",
						"streetAddress2": "",
						"city": "Woodland Hills",
						"state": "CA",
						"postalCode": "91367",
						"zipSuffix": "1234",
						"country": ""
					}
				]
			}
		],
		"autoPolicy": {
			"insuredVehicle": [
				{
				  "vehicleUnitNumber": "45",
					"vin": "1HGEJ6571VL012659",
					"vehicleMake": "HONDA",
					"vehicleMakeCode": "HO",
					"vehicleModel": "CIVIC 4D LX",
					"vehicleModelCode": "CI",
					"vehicleYear": "1997",
					"vehicleAge": "5",
					"ageGroup": "12",					
					"vehicleCoverages": [
						{
							"coverage": {
								"description": "TOW COVERED BY TOW COVERAGE",
								"fuelLimitReached": "false",
								"limitAmount": "123",
								"newCarIndicator": "true",
								"towLimitReached": "true",
								"deductibleAmount1": "A123",
								"deductibleAmount1Description": "coverage 1st amount",
								"deductibleAmount2": "B122",
								"deductibleAmount2Description": "coverage 3nd amount",
								"deductibleAmount3": "C34",
								"deductibleAmount3Description": "coverage 3rd amount",
								"limitAmount1": "D145",
								"limitAmount1Description": "limit 1st amount",
								"limitAmount2": "E165",
								"limitAmount2Description": "limit 2nd amount",
								"limitAmount3": "F178",
								"limitAmount3Description": "limit 3rd amount"
							}
						}
					]
				}
			]
		}
	}
}