{
	"houseHold": {
		"houseHoldNumber": "123456",
		"moreHouseHoldMemberIndicator": "false",
		"policies": [
			{
				"policy": {
					"policyNumber": "0191945437",
					"sourceSystemCode": "APPSCE",					
					"lob": "AUTO",
					"insurerCompanyCode": "6",
					"insurerCompanyName": "Mid-Century Insurance Company",
          "cancellationDate": "2012-10-10",
          "effectiveDate": "1969-10-05",
          "endDate": "1969-10-05",
          "naicCompanyCode": "",
          "policyModNumber":" ",
          "policyPrefix": "001",
          "policyProductAlternateCode" :"",
          "policyPullTransactionNumber" : "003",
          "status": "ACTIVE",
					"policyStateCode": "76",
					"policyState": "UT",
					"policyProductCode": "FI",
					"policyDescription": "AUTO",
					"noAgentIndicator": "",
					"policySubProductCode": "",
					"isMulticarPolicy": "true",
					"umbrellaPolicyIndicator": "Y",
					"agentInfo": {
					    "agentCode": "317",
						"firstName": "SHERRIE",
						"middleName": "?",
						"lastName": "EICHMEIER",
						"agentDistrictCode": "06",
						"agentRegionCode": "76",
						"agentPhoneNumber": [
							{
								"telephoneNumber": {
									"contactPoint": "8015291208",
									"electronicType": "Voice"
								}
							},
							{
								"telephoneNumber": {
									"contactPoint": "0801593595",
									"electronicType": "Fax"
								}
							}
						],
						"address": {
							"StreetAddress1": "1100 S MAIN ST",
							"StreetAddress2": "?",
							"city": "LOS ANGELES",
							"state": "CA",
							"zip": "93063",
							"zipSuffix": "1234",
							"country": "?"
						}
					},
					"insured": [
						{
              "doingBusinessAs": "A CLASS LAWN INC",
							"firstName": "?",
							"middleName": "?",
							"lastName": "?",
							"electronicAddress": "JC196940@GMAIL.COM",
							"telephoneNumber": "8015997502",
							"address": {
								"streetAddress1": "",
								"streetAddress2": "",
								"city": "",
								"state": "",
								"postalCode": "",
								"zipSuffix": "1234",
								"country": ""
							},
							"Vehicle": [
								{
                  "vehicleLocationNumber" : "",
									"motorHorsePower": "0.0",
									"premiumDue": "SOK",
									"policyUnit": "1",
									"vin": "1HGEJ6571VL012659",
									"Make": "HONDA",
									"Model": "CIVIC 4D LX",
									"Type": "AUTO",
									"Year": "1997",
									"ratedDrivers": [
										{
											"id": "000000000"
										}
									]
								}
							],
							
							"garage": [
							
							{
							   "sequenceNumber" : "A123",							   
							   "buildingName" : "P213",
							   "street": "234 erwin street",
							   "city": "woodland hills",
							   "postalCode" : "91367",
							   "postalCodeExtension" : "002",
							   "state": "california"
							
							}]
							
						}
					]
				}
			}
		],
		"members": [
			{
				"member": {
					"houseHoldMemberIndicator": "true",
					"memberRelationshipType": "H",
					"policyRestriction": "NO RESTRICTION",
					"rideShareDriverIndicator": "false",
					"isRatedDriver": "true",
					"firstName": "JEFFREY",
					"middleName": "?",
					"lastName": "CHRISTENSEN",
					"id": "552503360",
					"primeRole": "CLIENT IS A DRIVER",
					"birthDate": "1969-10-05",
					"gender": "Male",
					"maritalStatus": "Married",
					"drivingLicense": {
						"status": "VL",
						"id": "",
						"description": ""
					}
				}
			}
		]
	}
}