<?xml version="1.0"?> 
      <pol:recordCommercialCoverage xmlns:pol="http://webservices.zurich.com/zsoa/fig/policyadministration/policyadministrationservice-v1_0" 
	  xmlns:zsoa="http://schemas.zurich.com/zsoa/fig/policyadministration/2017/05/zsoa" xmlns:fin="http://schemas.zurich.com/zsoa/fig/policyadministration/2017/05/financialservicesagreement" 
	  xmlns:phy="http://schemas.zurich.com/zsoa/fig/policyadministration/2017/05/physicalobject" xmlns:par="http://schemas.zurich.com/zsoa/fig/policyadministration/2017/05/party" 
	  xmlns:com="http://schemas.zurich.com/zsoa/fig/policyadministration/2017/05/common"  xmlns:act="http://schemas.zurich.com/zsoa/fig/policyadministration/2017/05/activityconditionplace" 
	  xmlns:fin1="http://schemas.zurich.com/zsoa/fig/policyadministration/2017/05/financialtransaction">
         <!--Optional:-->
         <!--Optional:-->
         <pol:requestHeader>
            <!--Optional:-->
            <zsoa:userId>USWSAJ60</zsoa:userId>
            <!--Optional:-->
            <zsoa:functionName></zsoa:functionName>
            <!--Optional:-->
            <zsoa:legalEntity></zsoa:legalEntity>
            <!--Optional:-->
            <zsoa:transactionStartDateTime>2001-05-25T11:00:00</zsoa:transactionStartDateTime>
         </pol:requestHeader>
         <pol:autoPolicyLevelClaimSummary>
            <!--Optional:-->
            <fin:claimNumber>0102121814-1</fin:claimNumber>
            <!--Optional:-->
            <fin:lossDate>2011-09-15</fin:lossDate>
			<!--Optional:-->
            <fin:lossNumber></fin:lossNumber>
            <!--Optional:-->
            <fin:policyType></fin:policyType>
         </pol:autoPolicyLevelClaimSummary>
         <pol:coverageSourceSystem>CLSAUTO</pol:coverageSourceSystem>
         <pol:fullCommercialAutoInsurancePolicy>
            <!--Optional:-->
            <fin:basicCommercialAutoInsurancePolicy>
               <!--Zero or more repetitions:-->
			   <fin:additionalInterestAddress>                  
				  <!--Optional:-->
                  <com:typeCode></com:typeCode>
                  <!--Optional:-->
                  <par:birthName>                    
                     <par:fullName>OTHER</par:fullName>                    
                  </par:birthName> 
				  <!--Optional:-->
                  <par:postalAddressDetail>
                    <!--Optional:-->
                     <par:city></par:city>
                     <!--Optional:-->
                     <par:state></par:state>
                    <!--Optional:-->
                     <par:addressLine1></par:addressLine1>
					 <!--Optional:-->
                     <par:addressLine2></par:addressLine2> 
                  </par:postalAddressDetail>
               </fin:additionalInterestAddress>
               <!--Optional:-->
               <fin:classificationDesc></fin:classificationDesc>
               <!--Optional:-->
               <fin:costClass>1</fin:costClass>
               <!--Optional:-->
               <fin:gsdtCode></fin:gsdtCode>
               <!--Optional:-->
               <fin:truckSubLocation>121</fin:truckSubLocation>
               <!--Optional:-->
               <fin:yearCar>1</fin:yearCar>
               <!--Optional:-->
			   <fin:antiTheftDiscountCode></fin:antiTheftDiscountCode> 
			    <!--Optional:-->
               <fin:bodilyInjuryCode>1212</fin:bodilyInjuryCode>
			   <!--Optional:-->
               <fin:classificationCode></fin:classificationCode>          
               <!--Optional:-->
               <fin:experienceRatedIndicator>N</fin:experienceRatedIndicator>
			   
               <!--Optional:-->
               <fin:penaltyPoints>1</fin:penaltyPoints>
               <!--Optional:-->
               <fin:specialRiskIndicator>1</fin:specialRiskIndicator>
               <!--Optional:-->
               <fin:statisticalTerritoryCode>111</fin:statisticalTerritoryCode>
               <!--Optional:-->
               <fin:territoryCode>222</fin:territoryCode>
               <!--Optional:-->
               <fin:truckLocation>2222</fin:truckLocation>
               <!--Optional:-->
               <fin:zoneRatingCode>1</fin:zoneRatingCode>
               <!--Zero or more repetitions:-->
               <fin:basicAutoInsurancePolicy>
                  <!--Optional:-->
                  <fin:naslIndicator>2</fin:naslIndicator>
                  <!--Optional:-->
                  <fin:multicarPolicyIndicator>1</fin:multicarPolicyIndicator>
                  <!--Optional:-->
                  <fin:prematic></fin:prematic>
                  <!--Zero or more repetitions:-->
                  <fin:agentContact>
                     <!--Optional:-->
                     <par:agentCode>411</par:agentCode>
                     <!--Optional:-->
                     <par:agentDistrictCode>22</par:agentDistrictCode>
                     <!--Optional:-->
                     <par:agentName>
                        <!--Optional:-->
                        <par:firstName>et premere et</par:firstName>
                        <!--Optional:-->
                        <par:lastName>profundum quippe fer</par:lastName>
                        <!--Optional:-->
                        <par:middleName></par:middleName>
                     </par:agentName>
                     <!--Zero or more repetitions:-->
                     <par:agentPhoneNumber>
                        <!--Optional:-->
                        <par:telephoneNumber>
                           <!--Optional:-->
                           <par:localNumber></par:localNumber>
                        </par:telephoneNumber>
                     </par:agentPhoneNumber>
                     <!--Optional:-->
                     <par:agentRegionCode>ar</par:agentRegionCode>
                     <!--Zero or more repetitions:-->
                     <par:emailAddress>
                        <!--Optional:-->
                        <par:userid></par:userid>
                     </par:emailAddress>
                     <!--Optional:-->
                     <par:producerCode>411</par:producerCode>
                     <!--Zero or more repetitions:-->
                     <par:agentContactAddress>
                        <!--Optional:-->
                        <par:postalAddress>
                           <!--Optional:-->
                           <par:city>verrantque per</par:city>
                           <!--Optional:-->
                           <par:postalCode>dare</par:postalCode>
                           <!--Optional:-->
                           <par:postalCodeExtension></par:postalCodeExtension>
                           <!--Optional:-->
                           <par:region>67</par:region>
                           <!--Optional:-->
                           <par:postalAddressDetail>
                              <!--Optional:-->
                              <par:addressLine1>magno cum</par:addressLine1>
                              <!--Optional:-->
                              <par:addressLine2></par:addressLine2>
                           </par:postalAddressDetail>
                        </par:postalAddress>
                     </par:agentContactAddress>
                  </fin:agentContact>
                  <!--Optional:-->
                  <fin:basicAutoInsurancePolicySummary>
				  <!--Optional:-->
                  <fin:multiCarDiscountIndicator>1</fin:multiCarDiscountIndicator>
                     <!--Optional:-->
                     <fin:effectiveDate>1970-01-01</fin:effectiveDate>
                     <!--Optional:-->
                     
                     <!--Optional:-->
                     <fin:basicPolicyDetail>
                        <!--Zero or more repetitions:-->
                        <fin:coverageForms>
                           <!--Optional:-->
                           <fin:vbFormName></fin:vbFormName>
                           <!--Optional:-->
                           <fin:vbformNo></fin:vbformNo>
                           <!--Optional:-->
                           <fin:vFormLineNo></fin:vFormLineNo>
                           <!--Optional:-->
                           <fin:vFormPageNo></fin:vFormPageNo>
                           <!--Optional:-->
                           <fin:vFormText></fin:vFormText>
                        </fin:coverageForms>
                        <!--Optional:-->
                        <fin:exposureState>67</fin:exposureState>
                        <!--Optional:-->
                        <fin:lossReportCompany>8</fin:lossReportCompany>
                        <!--Optional:-->
                        <fin:moreCoveragePresent></fin:moreCoveragePresent>
                        <!--Optional:-->
                        <fin:moreVFormExistIndicator></fin:moreVFormExistIndicator>
                        <!--Optional:-->
                        <fin:sicCode>1</fin:sicCode>
                        <!--Optional:-->
                        <fin:vFormsCount></fin:vFormsCount>
                         <!--Optional:-->
                        <fin:balanceDue>SOK</fin:balanceDue>
                        <!--Optional:-->
                        <fin:cancellationPrintDate></fin:cancellationPrintDate>
                        <!--Optional:-->
                        <fin:cancellationReason></fin:cancellationReason>
						<!--Optional:-->
                        <fin:cancellationReasonCode></fin:cancellationReasonCode>
                        <!--Optional:-->
                        <fin:draftCompanyCode>8</fin:draftCompanyCode>
                         <!--Optional:-->
                        <fin:effectiveDateTime>1970-01-01T12:00:00</fin:effectiveDateTime>
                        <!--Optional:-->
                        <fin:excessPolicyInformation>Policy Information</fin:excessPolicyInformation> 
                        <!--Optional:-->
                        <fin:groupCode>37</fin:groupCode>
                        <!--Zero or more repetitions:-->
                        <fin:insurerCompanyAlternateCode>8</fin:insurerCompanyAlternateCode>
                         <!--Optional:-->
                        <fin:insurerCompanyName>FARMERS INSURANCE EXCHANGE</fin:insurerCompanyName>
                        <!--Optional:-->
                        <fin:legalUWCompanyName>FARMERS INSURANCE EXCHANGE</fin:legalUWCompanyName>
                         <!--Zero or more repetitions:-->
                        <fin:lineOfBusinessAlternateCode>0</fin:lineOfBusinessAlternateCode>
                        <!--Optional:-->
                        <fin:lossNumber></fin:lossNumber>
                        <!--Optional:-->
                        <fin:naicCompanyCode>21652</fin:naicCompanyCode>
                        <!--Optional:-->
                        <fin:occupancyCode>a</fin:occupancyCode>
                        <!--Optional:-->
                        <fin:policyContractCode>23</fin:policyContractCode>
                        <!--Optional:-->
                        <fin:policyTypeCode>9</fin:policyTypeCode>
						<!--Optional:-->
                        <fin:premiumDue></fin:premiumDue>
                        <!--Optional:-->
                        <fin:reserveCompanyCode>8</fin:reserveCompanyCode>
						
						
                        <!--Optional:-->
                     </fin:basicPolicyDetail>
                     <!--Optional:-->
                     <fin:basicPolicy>
                        <!--Optional:-->
                        <fin:distributionChannel></fin:distributionChannel>
                        <!--Optional:-->
                        <fin:programCode></fin:programCode>
                        <!--Optional:-->
                        <fin:insuranceGroupName>FI</fin:insuranceGroupName>
                        <!--Optional:-->
                        <fin:policyDescription>Habitational</fin:policyDescription>
                        <!--Optional:-->
                        <fin:policyNumber>0000035180</fin:policyNumber>
                        <!--Optional:-->
                        <fin:policyPrefix></fin:policyPrefix>
                        <!--Optional:-->
                        <fin:policyProductCode></fin:policyProductCode>
                        <!--Optional:-->
                        <fin:policyStateCode>29</fin:policyStateCode>
                        <!--Optional:-->
                        <fin:policyStatus>ACTIVE</fin:policyStatus>
                        <!--Optional:-->
                        <fin:policySuffix></fin:policySuffix>
                        <!--Optional:-->
                        <fin:policyType>COMM AUTO</fin:policyType>
                     </fin:basicPolicy>
                     <!--Zero or more repetitions:-->
                     <fin:insuredVehicle>
                        <!--Optional:-->
                        <par:vehicleIdentificationNumber></par:vehicleIdentificationNumber>
                        <!--Optional:-->
                        <par:ratedDriver>
                           <!--Optional:-->
                           <par:birthName>
                              <!--Optional:-->
                              <par:firstName>ni faciat</par:firstName>
                              <!--Optional:-->
                              <par:lastName>dare iussus habenas</par:lastName>
                           </par:birthName>
                        </par:ratedDriver>
                     </fin:insuredVehicle>
                     <!--Zero or more repetitions:-->
                     <fin:mailingAddress>
                        <!--Optional:-->
                        <par:city></par:city>
                        <!--Optional:-->
                        <par:postalCode></par:postalCode>
                        <!--Optional:-->
                        <par:region></par:region>
                        <!--Optional:-->
                        <par:birthName>                          
                           <!--Optional:-->
                           <par:firstName>LAST</par:firstName>                           
                        </par:birthName>
						<!--Optional:-->
                        <par:postalAddressDetail>
                           <!--Optional:-->
                           <par:addressLine1></par:addressLine1>
                           <!--Optional:-->
                           <par:addressLine2></par:addressLine2>
                        </par:postalAddressDetail>
                     </fin:mailingAddress>
                  </fin:basicAutoInsurancePolicySummary>
                  <!--Zero or more repetitions:-->
                  <fin:insured>
                     <!--Optional:-->
                     <par:basicPersonContactPoint>
                        <!--Zero or more repetitions:-->
                        <par:basicElectronicAddress>
                           <!--Optional:-->
                           <par:electronicAddress>
                              <!--Optional:-->
                              <par:userid></par:userid>
                           </par:electronicAddress>
                        </par:basicElectronicAddress>
                        <!--Optional:-->
                        <par:basicPerson>
                           <!--Optional:-->
                           <par:personName>
                              <!--Optional:-->
                              <par:firstName>CGOWFUN</par:firstName>
                              <!--Optional:-->
                              <par:lastName>TEST</par:lastName>
                           </par:personName>
                        </par:basicPerson>
                        <!--Zero or more repetitions:-->
                        <par:basicPostalAddress>
                           <!--Optional:-->
                           <par:postalAddress>
                              <!--Optional:-->
                              <par:city>CITY</par:city>
                              <!--Optional:-->
                              <par:country>USA</par:country>
                              <!--Optional:-->
                              <par:postalCode>92320</par:postalCode>
                              <!--Optional:-->
                              <par:postalCodeExtension>2320</par:postalCodeExtension>
                              <!--Optional:-->
                              <par:region>CA</par:region>
                              <!--Optional:-->
                              <par:postalAddressDetail>
                                 <!--Optional:-->
                                 <par:addressLine1>1255 HOLLY LN</par:addressLine1>
                                 <!--Optional:-->
                                 <par:addressLine2></par:addressLine2>
                              </par:postalAddressDetail>
                           </par:postalAddress>
                        </par:basicPostalAddress>
                        <!--Zero or more repetitions:-->
                        <par:basicTelephoneNumber>
                           <!--Optional:-->
                           <par:telephoneNumber>
                              <!--Optional:-->
                              <par:localNumber></par:localNumber>
                           </par:telephoneNumber>
                        </par:basicTelephoneNumber>
                     </par:basicPersonContactPoint>
                  </fin:insured>
               </fin:basicAutoInsurancePolicy>
            </fin:basicCommercialAutoInsurancePolicy>
            <!--Zero or more repetitions:-->
            <fin:vehicle>
               <!--Optional:-->
               <fin:autoAgeGroup>1</fin:autoAgeGroup>
               <!--Optional:-->
               <fin:reinsuranceApplies>N</fin:reinsuranceApplies>
               <!--Optional:-->
               <fin:horsePower>1</fin:horsePower>
               <!--Optional:-->
               <fin:reInsurancePercentage></fin:reInsurancePercentage>
               <!--Optional:-->
               <fin:vehicleCoverage>
                  <!--Zero or more repetitions:-->
                  <fin:coverages>
                     <!--Optional:-->
                     <fin:naii>45321</fin:naii>
                     <!--Optional:-->
                     <fin:rateClass>23</fin:rateClass>
                     <!--Optional:-->
                     <fin:unitNumber>122</fin:unitNumber>
                     <!--Optional:-->
                     <fin:vehicleLocationReference></fin:vehicleLocationReference>
                     <!--Optional:-->
                     <fin:vehicleNumber></fin:vehicleNumber>
                     <!--Optional:-->
                     <fin:vehicleSubUnit></fin:vehicleSubUnit>
                     <!--Optional:-->
                     <fin:deductibleAmount1Description></fin:deductibleAmount1Description>
                     <!--Optional:-->
                     <fin:deductibleAmount2Description></fin:deductibleAmount2Description>
                     <!--Optional:-->
                     <fin:deductibleAmount3Description></fin:deductibleAmount3Description>
                     <!--Zero or more repetitions:-->
                     <fin:description>UMPD</fin:description>
                     <!--Optional:-->
                     <fin:limitAmount1Description></fin:limitAmount1Description>
                     <!--Optional:-->
                     <fin:limitAmount2Description></fin:limitAmount2Description>
                     <!--Optional:-->
                     <fin:limitAmount3Description></fin:limitAmount3Description>
                     <!--Zero or more repetitions:-->
                     <fin:coverageOptions>
                        <!--Optional:-->
                        <fin:coverageReference>21</fin:coverageReference>
                     </fin:coverageOptions>
                  </fin:coverages>
                  <!--Zero or more repetitions:-->
                  <fin:vehicleCoverages>
                     <!--Optional:-->
                     <fin:garageLocationName>Simi</fin:garageLocationName>
                     <!--Optional:-->
                     <fin:garageLocationNumber>001</fin:garageLocationNumber>
                  </fin:vehicleCoverages>
                  <!--Zero or more repetitions:-->
               </fin:vehicleCoverage>
               <!--Zero or more repetitions:-->
               <fin:vehicleEndorsements>
                  <!--Optional:-->
                  <fin:endrosementNumber>J4567</fin:endrosementNumber>
                  <!--Optional:-->
                  <fin:description>TEST</fin:description>
                  <!--Optional:-->
                  <fin:formType></fin:formType>
                  <!--Optional:-->
                  <fin:lineOfBusiness>sed</fin:lineOfBusiness>
               </fin:vehicleEndorsements>
               <!--Zero or more repetitions:-->
               <fin:vehicleGaragingAddress>
                  <!--Optional:-->
                  <par:postalAddress>
                     <!--Optional:-->
                     <par:city>Simirfrfrfythujik</par:city>
                     <!--Optional:-->
                     <par:postalCode>93063</par:postalCode>
                     <!--Optional:-->
                     <par:postalCodeExtension>ego</par:postalCodeExtension>
                     <!--Optional:-->
                     <par:region>9</par:region>
                     <!--Optional:-->
                     <par:postalAddressDetail>
                        <!--Optional:-->
                        <par:addressLine1>Cochran</par:addressLine1>
                        <!--Optional:-->
                        <par:addressLine2>Alamo</par:addressLine2>
                     </par:postalAddressDetail>
                  </par:postalAddress>
               </fin:vehicleGaragingAddress>
               <!--Optional:-->
               <fin:basicVehicle>
                  <!--Optional:-->
                  <phy:insuredType>INC</phy:insuredType>
                  <!--Optional:-->
                  <phy:serialNumber></phy:serialNumber>
                  <!--Optional:-->
                  <phy:vehicleMake></phy:vehicleMake>
                  <!--Optional:-->
                  <phy:vehicleModel></phy:vehicleModel>
                  <!--Optional:-->
                  <phy:year></phy:year>
               </fin:basicVehicle>
               <!--Zero or more repetitions:-->
			   <fin:vehicleMortgage>                 
                  
				  <!--Optional:-->
                  <fin:loanNumber></fin:loanNumber>
                  <!--Optional:-->
                  <fin:mortgageeCancellationDays></fin:mortgageeCancellationDays>
                  <!--Optional:-->
                  <fin:mortgageName>BOA</fin:mortgageName>
                  
				  <!--Zero or more repetitions:-->
                  <fin:mortgageContact>
                     <!--Optional:-->
                     <par:basicOrganisationContactPoint>
                        <!--Zero or more repetitions:-->
                        <par:basicPostalAddress>
                           <!--Optional:-->
                           <par:postalAddress>
                              <!--Optional:-->
                              <par:city></par:city>
                              <!--Optional:-->
                              <par:postalCode></par:postalCode>
                              <!--Optional:-->
                              <par:region></par:region>
                              <!--Optional:-->
                              <par:postalAddressDetail>
                                 <!--Optional:-->
                                 <par:addressLine1></par:addressLine1>
                                 <!--Optional:-->
                                 <par:addressLine2></par:addressLine2>
                              </par:postalAddressDetail>
                           </par:postalAddress>
                        </par:basicPostalAddress>
                     </par:basicOrganisationContactPoint>
                  </fin:mortgageContact>
               </fin:vehicleMortgage>
            </fin:vehicle>
         </pol:fullCommercialAutoInsurancePolicy>
         <pol:transactionNotification>
            <!--Optional:-->
            <com:uniqueIdentifier>1234</com:uniqueIdentifier>
         </pol:transactionNotification>
         <pol:transactionNumber></pol:transactionNumber>
      </pol:recordCommercialCoverage>