<?xml version="1.0" encoding="UTF-8"?>
      <retrieveBasicPolicyDetails>
	  <!--Optional:-->
         <requestHeader>
            <!--Optional:-->
            <userId>12345</userId> <!-- Maps to req_user_id -->
            <!--Optional:-->
            <systemDateTime>?</systemDateTime>
            <!--Optional:-->
            <systemName>EFNOL</systemName><!--Maps to req_sys_source-->
            <!--Optional:-->
            <applicationType>?</applicationType>
            <!--Optional:-->
            <messageReference>3770f0b8-78a2-6604-ce92-1c733f75d98c</messageReference><!--Maps to req_src_tran_id-->
            <!--Optional:-->
            <functionName>?</functionName>
            <!--Optional:-->
            <legalEntity>?</legalEntity>
            <!--Optional:-->
            <userLanguage>?</userLanguage>
            <!--Optional:-->
            <transactionStartDateTime>?</transactionStartDateTime>
         </requestHeader>         
         <!--Zero or more repetitions:-->
         <insurancePolicySearchCriteria>
            <!--Optional:-->
            <quickSearchText>?</quickSearchText>
            <!--Optional:-->
            <externalReference>0164202528</externalReference><!--Maps to req_policy_number -->
            <!--Optional:-->
            <inceptionDate>?</inceptionDate>
            <!--Optional:-->
            <lineOfBusinessName>AUTO</lineOfBusinessName><!--Maps to req_company_type "HARD CODE" -->
            <!--Optional:-->
            <multiLinePolicyIndicator>?</multiLinePolicyIndicator>
            <!--Optional:-->
            <plannedEndDate>?</plannedEndDate>
            <!--Optional:-->
            <policyEffectiveDate>?</policyEffectiveDate>
            <!--Optional:-->
            <policySourceOperation>?</policySourceOperation>
            <!--Optional:-->
            <policySourceSystem>APPSCE</policySourceSystem><!-- Maps to req_plcy_src_sys -->
            <!--Optional:-->
            <region>?</region>
            <!--Optional:-->
            <regionCode>13</regionCode><!--Maps to req_num_st_code -->
            <!--Optional:-->
            <renewalDate>?</renewalDate>
            <!--Optional:-->
            <systemSourceCode>?</systemSourceCode>
            <!--Optional:-->
            <version>?</version>
            <!--Optional:-->
            <insuredSearchCriteria>
               <!--Optional:-->
               <quickSearchText>?</quickSearchText>
               <!--Optional:-->
               <birthDate>?</birthDate>
               <!--Optional:-->
               <birthDateAsString>?</birthDateAsString>
               <!--Optional:-->
               <eMailAddress>?</eMailAddress>
               <!--Optional:-->
               <externalReference>?</externalReference>
               <!--Optional:-->
               <firstName>?</firstName>
               <!--Optional:-->
               <fullName>?</fullName>
               <!--Optional:-->
               <lastName>?</lastName>
               <!--Optional:-->
               <middleName>?</middleName>
               <!--Zero or more repetitions:-->
               <person>
                  <!--Optional:-->
                  <systemCreationDateTime>?</systemCreationDateTime>
                  <!--Optional:-->
                  <systemUpdateDateTime>?</systemUpdateDateTime>
                  <!--Optional:-->
                  <typeCode>?</typeCode>
                  <!--Optional:-->
                  <typeName>?</typeName>
                  <!--Optional:-->
                  <description>?</description>
                  <!--Optional:-->
                  <language>?</language>
                  <!--Optional:-->
                  <usage>?</usage>
                  <!--Optional:-->
                  <firstName>?</firstName>
                  <!--Optional:-->
                  <initials>?</initials>
                  <!--Optional:-->
                  <lastName>?</lastName>
                  <!--Optional:-->
                  <middleName>?</middleName>
                  <!--Optional:-->
                  <prefix>?</prefix>
                  <!--Optional:-->
                  <prefixTitles>?</prefixTitles>
                  <!--Optional:-->
                  <salutation>?</salutation>
                  <!--Optional:-->
                  <shortFirstName>?</shortFirstName>
                  <!--Optional:-->
                  <suffix>?</suffix>
                  <!--Optional:-->
                  <suffixTitles>?</suffixTitles>
                  <!--Optional:-->
                  <fullName>?</fullName>
                  <!--Optional:-->
                  <gender>?</gender>
                  <!--Optional:-->
                  <issueAge>?</issueAge>
                  <!--Optional:-->
                  <producerAge>?</producerAge>
               </person>
               <!--Zero or more repetitions:-->
               <quoteStatus>?</quoteStatus>
               <!--Optional:-->
               <telephoneNumber>?</telephoneNumber>
               <!--Optional:-->
               <postalAddressSearchCriteria>
                  <!--Optional:-->
                  <quickSearchText>?</quickSearchText>
                  <!--Zero or more repetitions:-->
                  <addressLines>?</addressLines>
                  <!--Optional:-->
                  <city>?</city>
                  <!--Optional:-->
                  <country>?</country>
                  <!--Optional:-->
                  <county>?</county>
                  <!--Optional:-->
                  <houseNumber>?</houseNumber>
                  <!--Optional:-->
                  <postalCode>?</postalCode>
                  <!--Optional:-->
                  <postalCodeExtension>?</postalCodeExtension>
                  <!--Optional:-->
                  <region>?</region>
                  <!--Optional:-->
                  <street>?</street>
                  <!--Optional:-->
                  <unitNumber>?</unitNumber>
               </postalAddressSearchCriteria>
               <!--Optional:-->
               <telephoneNumberSearchCriteria>
                  <!--Optional:-->
                  <eveningTelephoneNumberAsString>?</eveningTelephoneNumberAsString>
                  <!--Optional:-->
                  <telephoneAreaCodeAsString>?</telephoneAreaCodeAsString>
                  <!--Optional:-->
                  <telephoneExchangeAsString>?</telephoneExchangeAsString>
                  <!--Optional:-->
                  <telephoneNumberAsString>?</telephoneNumberAsString>
               </telephoneNumberSearchCriteria>
            </insuredSearchCriteria>
            <!--Optional:-->
            <policyholderSearchCriteria>
               <!--Optional:-->
               <quickSearchText>?</quickSearchText>
               <!--Optional:-->
               <birthDate>?</birthDate>
               <!--Optional:-->
               <birthDateAsString>?</birthDateAsString>
               <!--Optional:-->
               <eMailAddress>?</eMailAddress>
               <!--Optional:-->
               <externalReference>?</externalReference> 
               <!--Optional:-->
               <firstName>?</firstName>
               <!--Optional:-->
               <fullName>?</fullName>
               <!--Optional:-->
               <lastName>?</lastName>
               <!--Optional:-->
               <middleName>?</middleName>
               <!--Zero or more repetitions:-->
               <person>
                  <!--Optional:-->
                  <systemCreationDateTime>?</systemCreationDateTime>
                  <!--Optional:-->
                  <systemUpdateDateTime>?</systemUpdateDateTime>
                  <!--Optional:-->
                  <typeCode>?</typeCode>
                  <!--Optional:-->
                  <typeName>?</typeName>
                  <!--Optional:-->
                  <description>?</description>
                  <!--Optional:-->
                  <language>?</language>
                  <!--Optional:-->
                  <usage>?</usage>
                  <!--Optional:-->
                  <firstName>?</firstName>
                  <!--Optional:-->
                  <initials>?</initials>
                  <!--Optional:-->
                  <lastName>?</lastName>
                  <!--Optional:-->
                  <middleName>?</middleName>
                  <!--Optional:-->
                  <prefix>?</prefix>
                  <!--Optional:-->
                  <prefixTitles>?</prefixTitles>
                  <!--Optional:-->
                  <salutation>?</salutation>
                  <!--Optional:-->
                  <shortFirstName>?</shortFirstName>
                  <!--Optional:-->
                  <suffix>?</suffix>
                  <!--Optional:-->
                  <suffixTitles>?</suffixTitles>
                  <!--Optional:-->
                  <fullName>?</fullName>
                  <!--Optional:-->
                  <gender>?</gender>
                  <!--Optional:-->
                  <issueAge>?</issueAge>
                  <!--Optional:-->
                  <producerAge>?</producerAge>
               </person>
               <!--Zero or more repetitions:-->
               <quoteStatus>?</quoteStatus>
               <!--Optional:-->
               <telephoneNumber>?</telephoneNumber>
               <!--Optional:-->
               <postalAddressSearchCriteria>
                  <!--Optional:-->
                  <quickSearchText>?</quickSearchText>
                  <!--Zero or more repetitions:-->
                  <addressLines>?</addressLines>
                  <!--Optional:-->
                  <city>?</city>
                  <!--Optional:-->
                  <country>?</country>
                  <!--Optional:-->
                  <county>?</county>
                  <!--Optional:-->
                  <houseNumber>?</houseNumber>
                  <!--Optional:-->
                  <postalCode>?</postalCode>
                  <!--Optional:-->
                  <postalCodeExtension>?</postalCodeExtension>
                  <!--Optional:-->
                  <region>?</region>
                  <!--Optional:-->
                  <street>?</street>
                  <!--Optional:-->
                  <unitNumber>?</unitNumber>
               </postalAddressSearchCriteria>
               <!--Optional:-->
               <telephoneNumberSearchCriteria>
                  <!--Optional:-->
                  <eveningTelephoneNumberAsString>?</eveningTelephoneNumberAsString>
                  <!--Optional:-->
                  <telephoneAreaCodeAsString>?</telephoneAreaCodeAsString>
                  <!--Optional:-->
                  <telephoneExchangeAsString>?</telephoneExchangeAsString>
                  <!--Optional:-->
                  <telephoneNumberAsString>?</telephoneNumberAsString>
               </telephoneNumberSearchCriteria>
            </policyholderSearchCriteria>
         </insurancePolicySearchCriteria>
		 <insurancePolicySearchCriteria>
            <!--Optional:-->
            <quickSearchText>?</quickSearchText>
            <!--Optional:-->
            <externalReference>?</externalReference><!--Maps to req_policy_number -->
            <!--Optional:-->
            <inceptionDate>?</inceptionDate>
            <!--Optional:-->
            <lineOfBusinessName>?</lineOfBusinessName><!--Maps to req_company_type "HARD CODE" -->
            <!--Optional:-->
            <multiLinePolicyIndicator>?</multiLinePolicyIndicator>
            <!--Optional:-->
            <plannedEndDate>?</plannedEndDate>
            <!--Optional:-->
            <policyEffectiveDate>?</policyEffectiveDate>
            <!--Optional:-->
            <policySourceOperation>?</policySourceOperation>
            <!--Optional:-->
            <policySourceSystem>?</policySourceSystem><!-- Maps to req_plcy_src_sys -->
            <!--Optional:-->
            <region>?</region>
            <!--Optional:-->
            <regionCode>13</regionCode><!--Maps to req_num_st_code -->
            <!--Optional:-->
            <renewalDate>?</renewalDate>
            <!--Optional:-->
            <systemSourceCode>?</systemSourceCode>
            <!--Optional:-->
            <version>?</version>
		 <insuredSearchCriteria>
               <!--Optional:-->
               <quickSearchText>?</quickSearchText>
               <!--Optional:-->
               <birthDate>?</birthDate>
               <!--Optional:-->
               <birthDateAsString>?</birthDateAsString>
               <!--Optional:-->
               <eMailAddress>?</eMailAddress>
               <!--Optional:-->
               <externalReference>?</externalReference>
               <!--Optional:-->
               <firstName>?</firstName>
               <!--Optional:-->
               <fullName>?</fullName>
               <!--Optional:-->
               <lastName>?</lastName>
               <!--Optional:-->
               <middleName>?</middleName>
               <!--Zero or more repetitions:-->
               <person>
                  <!--Optional:-->
                  <systemCreationDateTime>?</systemCreationDateTime>
                  <!--Optional:-->
                  <systemUpdateDateTime>?</systemUpdateDateTime>
                  <!--Optional:-->
                  <typeCode>?</typeCode>
                  <!--Optional:-->
                  <typeName>?</typeName>
                  <!--Optional:-->
                  <description>?</description>
                  <!--Optional:-->
                  <language>?</language>
                  <!--Optional:-->
                  <usage>?</usage>
                  <!--Optional:-->
                  <firstName>?</firstName>
                  <!--Optional:-->
                  <initials>?</initials>
                  <!--Optional:-->
                  <lastName>?</lastName>
                  <!--Optional:-->
                  <middleName>?</middleName>
                  <!--Optional:-->
                  <prefix>?</prefix>
                  <!--Optional:-->
                  <prefixTitles>?</prefixTitles>
                  <!--Optional:-->
                  <salutation>?</salutation>
                  <!--Optional:-->
                  <shortFirstName>?</shortFirstName>
                  <!--Optional:-->
                  <suffix>?</suffix>
                  <!--Optional:-->
                  <suffixTitles>?</suffixTitles>
                  <!--Optional:-->
                  <fullName>?</fullName>
                  <!--Optional:-->
                  <gender>?</gender>
                  <!--Optional:-->
                  <issueAge>?</issueAge>
                  <!--Optional:-->
                  <producerAge>?</producerAge>
               </person>
               <!--Zero or more repetitions:-->
               <quoteStatus>?</quoteStatus>
               <!--Optional:-->
               <telephoneNumber>?</telephoneNumber>
               <!--Optional:-->
               <postalAddressSearchCriteria>
                  <!--Optional:-->
                  <quickSearchText>?</quickSearchText>
                  <!--Zero or more repetitions:-->
                  <addressLines>?</addressLines>
                  <!--Optional:-->
                  <city>?</city>
                  <!--Optional:-->
                  <country>?</country>
                  <!--Optional:-->
                  <county>?</county>
                  <!--Optional:-->
                  <houseNumber>?</houseNumber>
                  <!--Optional:-->
                  <postalCode>?</postalCode>
                  <!--Optional:-->
                  <postalCodeExtension>?</postalCodeExtension>
                  <!--Optional:-->
                  <region>?</region>
                  <!--Optional:-->
                  <street>?</street>
                  <!--Optional:-->
                  <unitNumber>?</unitNumber>
               </postalAddressSearchCriteria>
               <!--Optional:-->
               <telephoneNumberSearchCriteria>
                  <!--Optional:-->
                  <eveningTelephoneNumberAsString>?</eveningTelephoneNumberAsString>
                  <!--Optional:-->
                  <telephoneAreaCodeAsString>?</telephoneAreaCodeAsString>
                  <!--Optional:-->
                  <telephoneExchangeAsString>?</telephoneExchangeAsString>
                  <!--Optional:-->
                  <telephoneNumberAsString>?</telephoneNumberAsString>
               </telephoneNumberSearchCriteria>
            </insuredSearchCriteria>
            <!--Optional:-->
            <policyholderSearchCriteria>
               <!--Optional:-->
               <quickSearchText>?</quickSearchText>
               <!--Optional:-->
               <birthDate>?</birthDate>
               <!--Optional:-->
               <birthDateAsString>?</birthDateAsString>
               <!--Optional:-->
               <eMailAddress>?</eMailAddress>
               <!--Optional:-->
               <externalReference>?</externalReference>
               <!--Optional:-->
               <firstName>?</firstName>
               <!--Optional:-->
               <fullName>?</fullName>
               <!--Optional:-->
               <lastName>?</lastName>
               <!--Optional:-->
               <middleName>?</middleName>
               <!--Zero or more repetitions:-->
               <person>
                  <!--Optional:-->
                  <systemCreationDateTime>?</systemCreationDateTime>
                  <!--Optional:-->
                  <systemUpdateDateTime>?</systemUpdateDateTime>
                  <!--Optional:-->
                  <typeCode>?</typeCode>
                  <!--Optional:-->
                  <typeName>?</typeName>
                  <!--Optional:-->
                  <description>?</description>
                  <!--Optional:-->
                  <language>?</language>
                  <!--Optional:-->
                  <usage>?</usage>
                  <!--Optional:-->
                  <firstName>?</firstName>
                  <!--Optional:-->
                  <initials>?</initials>
                  <!--Optional:-->
                  <lastName>?</lastName>
                  <!--Optional:-->
                  <middleName>?</middleName>
                  <!--Optional:-->
                  <prefix>?</prefix>
                  <!--Optional:-->
                  <prefixTitles>?</prefixTitles>
                  <!--Optional:-->
                  <salutation>?</salutation>
                  <!--Optional:-->
                  <shortFirstName>?</shortFirstName>
                  <!--Optional:-->
                  <suffix>?</suffix>
                  <!--Optional:-->
                  <suffixTitles>?</suffixTitles>
                  <!--Optional:-->
                  <fullName>?</fullName>
                  <!--Optional:-->
                  <gender>?</gender>
                  <!--Optional:-->
                  <issueAge>?</issueAge>
                  <!--Optional:-->
                  <producerAge>?</producerAge>
               </person>
               <!--Zero or more repetitions:-->
               <quoteStatus>?</quoteStatus>
               <!--Optional:-->
               <telephoneNumber>?</telephoneNumber>
               <!--Optional:-->
               <postalAddressSearchCriteria>
                  <!--Optional:-->
                  <quickSearchText>?</quickSearchText>
                  <!--Zero or more repetitions:-->
                  <addressLines>?</addressLines>
                  <!--Optional:-->
                  <city>?</city>
                  <!--Optional:-->
                  <country>?</country>
                  <!--Optional:-->
                  <county>?</county>
                  <!--Optional:-->
                  <houseNumber>?</houseNumber>
                  <!--Optional:-->
                  <postalCode>?</postalCode>
                  <!--Optional:-->
                  <postalCodeExtension>?</postalCodeExtension>
                  <!--Optional:-->
                  <region>?</region>
                  <!--Optional:-->
                  <street>?</street>
                  <!--Optional:-->
                  <unitNumber>?</unitNumber>
               </postalAddressSearchCriteria>
               <!--Optional:-->
               <telephoneNumberSearchCriteria>
                  <!--Optional:-->
                  <eveningTelephoneNumberAsString>?</eveningTelephoneNumberAsString>
                  <!--Optional:-->
                  <telephoneAreaCodeAsString>?</telephoneAreaCodeAsString>
                  <!--Optional:-->
                  <telephoneExchangeAsString>?</telephoneExchangeAsString>
                  <!--Optional:-->
                  <telephoneNumberAsString>?</telephoneNumberAsString>
               </telephoneNumberSearchCriteria>
            </policyholderSearchCriteria>
         </insurancePolicySearchCriteria>
         <lossDate>06/23/2016 00:00:00</lossDate><!--map to req_loss_dt-->
         <productGroupName>?</productGroupName>
         <requestorTimeZone>GMT</requestorTimeZone><!-- maps to req_time_zone -->
         <timeZoneCode>?</timeZoneCode>
         <vehicleIdentificationNumber>?</vehicleIdentificationNumber>
      </retrieveBasicPolicyDetails>