<ns0:recordCommercialAutoCoverageResponse xmlns:ns0="http://webservices.zurich.com/zsoa/fig/policyadministration/policyadministrationservice-v1_0">
   <ns0:fullCommercialAutoInsurancePolicy>
      <ns2:basicCommercialAutoInsurancePolicy xmlns:ns2="http://schemas.zurich.com/zsoa/fig/policyadministration/2017/05/financialservicesagreement">
         <ns2:additionalInformation>
            <ns3:brandLogo xmlns:ns3="http://schemas.zurich.com/zsoa/fig/policyadministration/2017/05/physicalobject">Farmers</ns3:brandLogo>
            <ns3:brandName xmlns:ns3="http://schemas.zurich.com/zsoa/fig/policyadministration/2017/05/physicalobject">Farmers Insurance</ns3:brandName>
            <ns3:claimGroup xmlns:ns3="http://schemas.zurich.com/zsoa/fig/policyadministration/2017/05/physicalobject">Farmers</ns3:claimGroup>
            <ns3:companyCode xmlns:ns3="http://schemas.zurich.com/zsoa/fig/policyadministration/2017/05/physicalobject">8</ns3:companyCode>
            <ns3:companyName xmlns:ns3="http://schemas.zurich.com/zsoa/fig/policyadministration/2017/05/physicalobject">Farmers Insurance Exchange</ns3:companyName>
            <ns3:distributionChannel xmlns:ns3="http://schemas.zurich.com/zsoa/fig/policyadministration/2017/05/physicalobject"/>
            <ns3:draftCompanyCode xmlns:ns3="http://schemas.zurich.com/zsoa/fig/policyadministration/2017/05/physicalobject">8</ns3:draftCompanyCode>
            <ns3:insuranceGroup xmlns:ns3="http://schemas.zurich.com/zsoa/fig/policyadministration/2017/05/physicalobject">FI</ns3:insuranceGroup>
            <ns3:legalCompanyName xmlns:ns3="http://schemas.zurich.com/zsoa/fig/policyadministration/2017/05/physicalobject">Farmers Insurance Exchange</ns3:legalCompanyName>
            <ns3:mfCompanyCode xmlns:ns3="http://schemas.zurich.com/zsoa/fig/policyadministration/2017/05/physicalobject">2</ns3:mfCompanyCode>
            <ns3:naicCompanyCode xmlns:ns3="http://schemas.zurich.com/zsoa/fig/policyadministration/2017/05/physicalobject">21652</ns3:naicCompanyCode>
            <ns3:reserveCompanyCode xmlns:ns3="http://schemas.zurich.com/zsoa/fig/policyadministration/2017/05/physicalobject">2</ns3:reserveCompanyCode>
            <ns3:underWritingCompanyCode xmlns:ns3="http://schemas.zurich.com/zsoa/fig/policyadministration/2017/05/physicalobject"/>
         </ns2:additionalInformation>
         <ns2:basicAutoInsurancePolicy>
            <ns2:basicAutoInsurancePolicySummary>
               <ns2:basicPolicyDetail>
                  <ns2:lossNumber>HY713009</ns2:lossNumber>
               </ns2:basicPolicyDetail>
            </ns2:basicAutoInsurancePolicySummary>
         </ns2:basicAutoInsurancePolicy>
      </ns2:basicCommercialAutoInsurancePolicy>
   </ns0:fullCommercialAutoInsurancePolicy>
   <ns0:transactionNotification>
      <ns4:respTimeZone xmlns:ns4="http://schemas.zurich.com/zsoa/fig/policyadministration/2017/05/common">GMT</ns4:respTimeZone>
      <ns4:transactionId xmlns:ns4="http://schemas.zurich.com/zsoa/fig/policyadministration/2017/05/common">124</ns4:transactionId>
      <ns4:uniqueIdentifier xmlns:ns4="http://schemas.zurich.com/zsoa/fig/policyadministration/2017/05/common"/>
      <ns4:remark xmlns:ns4="http://schemas.zurich.com/zsoa/fig/policyadministration/2017/05/common">
         <ns4:messageCode>00000</ns4:messageCode>
         <ns4:messageDate>2017-05-22 11.15.37</ns4:messageDate>
         <ns4:messageText/>
      </ns4:remark>
   </ns0:transactionNotification>
</ns0:recordCommercialAutoCoverageResponse>