{  
   "houseHolds":[  
      {  
         "houseHold":{  
            "houseHoldNumber":"123456",
            "policies":[  
               {  
                  "policy":{  
                     "insurerCompanyName":"abc corp",
                     "lineOfBusiness":"A",
                     "multiLinePolicyIndicator":"A",
                     "plannedEndDate":"2010-07-15",
                     "description":"xxx",
                     "effectiveDate":"2010-07-15",
                     "number":"12312312",
                     "productCode":"AUTO",
                     "sourceSystemCode":"APPSCE",
                     "stateCode":"16",
                     "status":"C",
                     "subProductCode":"3N",
                     "isScheduled":"Y"
                  }
               },
               {  
                  "policy":{  
                     "insurerCompanyName":"abc corp",
                     "lineOfBusiness":"A",
                     "multiLinePolicyIndicator":"A",
                     "plannedEndDate":"2010-07-15",
                     "description":"xxx",
                     "effectiveDate":"2010-07-15",
                     "number":"12312312",
                     "productCode":"AUTO",
                     "sourceSystemCode":"APPSCE",
                     "stateCode":"16",
                     "status":"C",
                     "subProductCode":"3N",
                     "isScheduled":"Y"
                  }
               }
            ],
            "members":[  
               {  
                  "member":{  
                     "businessName":"abc",
                     "firstName":"abc",
                     "lastName":"xyz",
                     "middleName":"cd"
                  },
                  "address":[  
                     {  
                        "addressLines":[  
                           "7466 DEER VALLEY XING"
                        ],
                        "contactPointType":"Property",
                        "contactPointAsString":"6142844512",
                        "city":"POWELL",
                        "countryCode":"US",
                        "postalCode":"43065",
                        "postalCodeExtension":"7985",
                        "region":"OH"
                     }
                  ]
               }
            ]
         }
      },
      {  
         "houseHold":{  
            "houseHoldNumber":"123456",
            "policies":[  
               {  
                  "policy":{  
                     "insurerCompanyName":"abc corp",
                     "lineOfBusiness":"A",
                     "multiLinePolicyIndicator":"A",
                     "plannedEndDate":"2010-07-15",
                     "description":"xxx",
                     "effectiveDate":"2010-07-15",
                     "number":"12312312",
                     "productCode":"AUTO",
                     "sourceSystemCode":"APPSCE",
                     "stateCode":"16",
                     "status":"C",
                     "subProductCode":"3N",
                     "isScheduled":"Y"
                  }
               },
               {  
                  "policy":{  
                     "insurerCompanyName":"abc corp",
                     "lineOfBusiness":"A",
                     "multiLinePolicyIndicator":"A",
                     "plannedEndDate":"2010-07-15",
                     "description":"xxx",
                     "effectiveDate":"2010-07-15",
                     "number":"12312312",
                     "productCode":"AUTO",
                     "sourceSystemCode":"APPSCE",
                     "stateCode":"16",
                     "status":"C",
                     "subProductCode":"3N",
                     "isScheduled":"Y"
                  }
               }
            ],
            "members":[  
               {  
                  "member":{  
                     "businessName":"abc",
                     "firstName":"abc",
                     "lastName":"xyz",
                     "middleName":"cd"
                  },
                  "address":[  
                     {  
                        "addressLines":[  
                           "7466 DEER VALLEY XING"
                        ],
                        "contactPointType":"Property",
                        "contactPointAsString":"6142844512",
                        "city":"POWELL",
                        "countryCode":"US",
                        "postalCode":"43065",
                        "postalCodeExtension":"7985",
                        "region":"OH"
                     }
                  ]
               }
            ]
         }
      }
   ]
}