{
    "$schema": "http://json-schema.org/draft-04/schema#",
    "definitions": {},
    "id": "http://example.com/example.json",
    "properties": {
        "availabilityStatus": {
            "id": "/properties/availabilityStatus",
            "properties": {
                "GRPEligibility": {
                    "id": "/properties/availabilityStatus/properties/GRPEligibility",
                    "type": "string"
                },
                "isActive": {
                    "id": "/properties/availabilityStatus/properties/isActive",
                    "type": "string"
                }
            },
            "type": "object"
        }
    },
    "type": "object"
}