{
  "$schema": "http://json-schema.org/draft-04/schema#",
  "type": "object",
  "properties": {
    "providers": {
      "type": "array",
      "items": {
        "type": "object",
        "properties": {
          "provider": {
            "type": "object",
            "properties": {
              "name": {
                "type": "string"
              },
              "firstName": {
                "type": "string"
              },
              "middleName": {
                "type": "string"
              },
              "lastName": {
                "type": "string"
              }
            },
            "required": [
              "name"             
            ]
          },
          "farmersID": {
            "type": "string"
          },
          "geocode": {
            "type": "object",
            "properties": {
              "latitude": {
                "type": "string"
              },
              "longitude": {
                "type": "string"
              }
            },
            "required": [
              "latitude",
              "longitude"
            ]
          },
          "address": {
            "type": "object",
            "properties": {
              "addressLine": {
                "type": "string"
              },
              "city": {
                "type": "string"
              },
              "zip": {
                "type": "string"
              },
              "zipSuffix": {
                "type": "string"
              },
              "state": {
                "type": "string"
              },
              "country": {
                "type": "string"
              }
            },
            "required": [
              "addressLine",
              "city",
              "zip",
              "state",
              "country"
            ]
          },
          "distance": {
            "type": "string"
          },
          "contact": {
            "type": "object",
            "properties": {
              "phone": {
                "type": "string"
              },
              "phoneExt": {
                "type": "string"
              },
              "fax": {
                "type": "string"
              },
              "cell": {
                "type": "string"
              },
              "email": {
                "type": "string"
              },
              "pager": {
                "type": "string"
              }
            },
            "required": [
              "phone"
            ]
          }
        },
        "required": [
          "provider",
          "farmersID",
          "geocode",
          "address",
          "distance",
          "contact"
        ]
      }
    }
  },
  "required": [
    "providers"
  ]
}