{
    "$schema": "http://json-schema.org/draft-04/schema#",
    "definitions": {},
    "id": "http://example.com/example.json",
    "properties": {
        "policy": {
            "id": "/properties/policy",
            "properties": {
                "address": {
                    "id": "/properties/policy/properties/address",
                    "items": {
                        "id": "/properties/policy/properties/address/items",
                        "properties": {
                            "StreetAddress1": {
                                "id": "/properties/policy/properties/address/items/properties/StreetAddress1",
                                "type": "string"
                            },
                            "StreetAddress2": {
                                "id": "/properties/policy/properties/address/items/properties/StreetAddress2",
                                "type": "string"
                            },
                            "addressType": {
                                "id": "/properties/policy/properties/address/items/properties/addressType",
                                "type": "string"
                            },
                            "city": {
                                "id": "/properties/policy/properties/address/items/properties/city",
                                "type": "string"
                            },
                            "country": {
                                "id": "/properties/policy/properties/address/items/properties/country",
                                "type": "string"
                            },
                            "province": {
                                "id": "/properties/policy/properties/address/items/properties/province",
                                "type": "string"
                            },
                            "state": {
                                "id": "/properties/policy/properties/address/items/properties/state",
                                "type": "string"
                            },
                            "zip": {
                                "id": "/properties/policy/properties/address/items/properties/zip",
                                "type": "string"
                            },
                            "zipSuffix": {
                                "id": "/properties/policy/properties/address/items/properties/zipSuffix",
                                "type": "string"
                            }
                        },
                        "type": "object"
                    },
                    "type": "array"
                },
                "agentCode": {
                    "id": "/properties/policy/properties/agentCode",
                    "type": "string"
                },
                "agentInfo": {
                    "id": "/properties/policy/properties/agentInfo",
                    "properties": {
                        "address": {
                            "id": "/properties/policy/properties/agentInfo/properties/address",
                            "properties": {
                                "StreetAddress1": {
                                    "id": "/properties/policy/properties/agentInfo/properties/address/properties/StreetAddress1",
                                    "type": "string"
                                },
                                "StreetAddress2": {
                                    "id": "/properties/policy/properties/agentInfo/properties/address/properties/StreetAddress2",
                                    "type": "string"
                                },
                                "addressType": {
                                    "id": "/properties/policy/properties/agentInfo/properties/address/properties/addressType",
                                    "type": "string"
                                },
                                "city": {
                                    "id": "/properties/policy/properties/agentInfo/properties/address/properties/city",
                                    "type": "string"
                                },
                                "country": {
                                    "id": "/properties/policy/properties/agentInfo/properties/address/properties/country",
                                    "type": "string"
                                },
                                "province": {
                                    "id": "/properties/policy/properties/agentInfo/properties/address/properties/province",
                                    "type": "string"
                                },
                                "state": {
                                    "id": "/properties/policy/properties/agentInfo/properties/address/properties/state",
                                    "type": "string"
                                },
                                "zip": {
                                    "id": "/properties/policy/properties/agentInfo/properties/address/properties/zip",
                                    "type": "string"
                                },
                                "zipSuffix": {
                                    "id": "/properties/policy/properties/agentInfo/properties/address/properties/zipSuffix",
                                    "type": "string"
                                }
                            },
                            "type": "object"
                        },
                        "agentDistrictCode": {
                            "id": "/properties/policy/properties/agentInfo/properties/agentDistrictCode",
                            "type": "string"
                        },
                        "agentPhoneNumber": {
                            "id": "/properties/policy/properties/agentInfo/properties/agentPhoneNumber",
                            "items": {
                                "id": "/properties/policy/properties/agentInfo/properties/agentPhoneNumber/items",
                                "properties": {
                                    "telephoneNumber": {
                                        "id": "/properties/policy/properties/agentInfo/properties/agentPhoneNumber/items/properties/telephoneNumber",
                                        "properties": {
                                            "contactPointAsString": {
                                                "id": "/properties/policy/properties/agentInfo/properties/agentPhoneNumber/items/properties/telephoneNumber/properties/contactPointAsString",
                                                "type": "string"
                                            },
                                            "electronicType": {
                                                "id": "/properties/policy/properties/agentInfo/properties/agentPhoneNumber/items/properties/telephoneNumber/properties/electronicType",
                                                "type": "string"
                                            }
                                        },
                                        "type": "object"
                                    }
                                },
                                "type": "object"
                            },
                            "type": "array"
                        },
                        "agentRegionCode": {
                            "id": "/properties/policy/properties/agentInfo/properties/agentRegionCode",
                            "type": "string"
                        },
                        "firstName": {
                            "id": "/properties/policy/properties/agentInfo/properties/firstName",
                            "type": "string"
                        },
                        "lastName": {
                            "id": "/properties/policy/properties/agentInfo/properties/lastName",
                            "type": "string"
                        },
                        "middleName": {
                            "id": "/properties/policy/properties/agentInfo/properties/middleName",
                            "type": "string"
                        }
                    },
                    "type": "object"
                },
                "autoPolicy": {
                    "id": "/properties/policy/properties/autoPolicy",
                    "properties": {
                        "drivers": {
                            "id": "/properties/policy/properties/autoPolicy/properties/drivers",
                            "items": {
                                "id": "/properties/policy/properties/autoPolicy/properties/drivers/items",
                                "properties": {
                                    "dateofbirth": {
                                        "id": "/properties/policy/properties/autoPolicy/properties/drivers/items/properties/dateofbirth",
                                        "type": "string"
                                    },
                                    "expiryDate": {
                                        "id": "/properties/policy/properties/autoPolicy/properties/drivers/items/properties/expiryDate",
                                        "type": "string"
                                    },
                                    "gender": {
                                        "id": "/properties/policy/properties/autoPolicy/properties/drivers/items/properties/gender",
                                        "type": "string"
                                    },
                                    "issuedDate": {
                                        "id": "/properties/policy/properties/autoPolicy/properties/drivers/items/properties/issuedDate",
                                        "type": "string"
                                    },
                                    "issuedState": {
                                        "id": "/properties/policy/properties/autoPolicy/properties/drivers/items/properties/issuedState",
                                        "type": "string"
                                    },
                                    "licenseNumber": {
                                        "id": "/properties/policy/properties/autoPolicy/properties/drivers/items/properties/licenseNumber",
                                        "type": "string"
                                    },
                                    "person": {
                                        "id": "/properties/policy/properties/autoPolicy/properties/drivers/items/properties/person",
                                        "properties": {
                                            "firstName": {
                                                "id": "/properties/policy/properties/autoPolicy/properties/drivers/items/properties/person/properties/firstName",
                                                "type": "string"
                                            },
                                            "lastName": {
                                                "id": "/properties/policy/properties/autoPolicy/properties/drivers/items/properties/person/properties/lastName",
                                                "type": "string"
                                            },
                                            "middleName": {
                                                "id": "/properties/policy/properties/autoPolicy/properties/drivers/items/properties/person/properties/middleName",
                                                "type": "string"
                                            }
                                        },
                                        "type": "object"
                                    },
                                    "reasonCode": {
                                        "id": "/properties/policy/properties/autoPolicy/properties/drivers/items/properties/reasonCode",
                                        "type": "string"
                                    },
                                    "relationship": {
                                        "id": "/properties/policy/properties/autoPolicy/properties/drivers/items/properties/relationship",
                                        "type": "string"
                                    }
                                },
                                "type": "object"
                            },
                            "type": "array"
                        },
                        "insuredVehicle": {
                            "id": "/properties/policy/properties/autoPolicy/properties/insuredVehicle",
                            "items": {
                                "id": "/properties/policy/properties/autoPolicy/properties/insuredVehicle/items",
                                "properties": {
                                    "address": {
                                        "id": "/properties/policy/properties/autoPolicy/properties/insuredVehicle/items/properties/address",
                                        "properties": {
                                            "StreetAddress1": {
                                                "id": "/properties/policy/properties/autoPolicy/properties/insuredVehicle/items/properties/address/properties/StreetAddress1",
                                                "type": "string"
                                            },
                                            "StreetAddress2": {
                                                "id": "/properties/policy/properties/autoPolicy/properties/insuredVehicle/items/properties/address/properties/StreetAddress2",
                                                "type": "string"
                                            },
                                            "addressType": {
                                                "id": "/properties/policy/properties/autoPolicy/properties/insuredVehicle/items/properties/address/properties/addressType",
                                                "type": "string"
                                            },
                                            "city": {
                                                "id": "/properties/policy/properties/autoPolicy/properties/insuredVehicle/items/properties/address/properties/city",
                                                "type": "string"
                                            },
                                            "country": {
                                                "id": "/properties/policy/properties/autoPolicy/properties/insuredVehicle/items/properties/address/properties/country",
                                                "type": "string"
                                            },
                                            "province": {
                                                "id": "/properties/policy/properties/autoPolicy/properties/insuredVehicle/items/properties/address/properties/province",
                                                "type": "string"
                                            },
                                            "state": {
                                                "id": "/properties/policy/properties/autoPolicy/properties/insuredVehicle/items/properties/address/properties/state",
                                                "type": "string"
                                            },
                                            "zip": {
                                                "id": "/properties/policy/properties/autoPolicy/properties/insuredVehicle/items/properties/address/properties/zip",
                                                "type": "string"
                                            },
                                            "zipSuffix": {
                                                "id": "/properties/policy/properties/autoPolicy/properties/insuredVehicle/items/properties/address/properties/zipSuffix",
                                                "type": "string"
                                            }
                                        },
                                        "type": "object"
                                    },
                                    "fullTermPremium": {
                                        "id": "/properties/policy/properties/autoPolicy/properties/insuredVehicle/items/properties/fullTermPremium",
                                        "type": "string"
                                    },
                                    "inforceDate": {
                                        "id": "/properties/policy/properties/autoPolicy/properties/insuredVehicle/items/properties/inforceDate",
                                        "type": "string"
                                    },
                                    "motorHorsePower": {
                                        "id": "/properties/policy/properties/autoPolicy/properties/insuredVehicle/items/properties/motorHorsePower",
                                        "type": "string"
                                    },
                                    "premiumDue": {
                                        "id": "/properties/policy/properties/autoPolicy/properties/insuredVehicle/items/properties/premiumDue",
                                        "type": "string"
                                    },
                                    "ratedDrivers": {
                                        "id": "/properties/policy/properties/autoPolicy/properties/insuredVehicle/items/properties/ratedDrivers",
                                        "items": {
                                            "id": "/properties/policy/properties/autoPolicy/properties/insuredVehicle/items/properties/ratedDrivers/items",
                                            "properties": {
                                                "id": {
                                                    "id": "/properties/policy/properties/autoPolicy/properties/insuredVehicle/items/properties/ratedDrivers/items/properties/id",
                                                    "type": "string"
                                                }
                                            },
                                            "type": "object"
                                        },
                                        "type": "array"
                                    },
                                    "status": {
                                        "id": "/properties/policy/properties/autoPolicy/properties/insuredVehicle/items/properties/status",
                                        "type": "string"
                                    },
                                    "vehicleAlternateExternalReference": {
                                        "id": "/properties/policy/properties/autoPolicy/properties/insuredVehicle/items/properties/vehicleAlternateExternalReference",
                                        "type": "string"
                                    },
                                    "vehicleMake": {
                                        "id": "/properties/policy/properties/autoPolicy/properties/insuredVehicle/items/properties/vehicleMake",
                                        "type": "string"
                                    },
                                    "vehicleModel": {
                                        "id": "/properties/policy/properties/autoPolicy/properties/insuredVehicle/items/properties/vehicleModel",
                                        "type": "string"
                                    },
                                    "vehicleType": {
                                        "id": "/properties/policy/properties/autoPolicy/properties/insuredVehicle/items/properties/vehicleType",
                                        "type": "string"
                                    },
                                    "vehicleYear": {
                                        "id": "/properties/policy/properties/autoPolicy/properties/insuredVehicle/items/properties/vehicleYear",
                                        "type": "string"
                                    },
                                    "vin": {
                                        "id": "/properties/policy/properties/autoPolicy/properties/insuredVehicle/items/properties/vin",
                                        "type": "string"
                                    }
                                },
                                "type": "object"
                            },
                            "type": "array"
                        },
                        "isMulticarPolicy": {
                            "id": "/properties/policy/properties/autoPolicy/properties/isMulticarPolicy",
                            "type": "string"
                        },
                        "nonDrivers": {
                            "id": "/properties/policy/properties/autoPolicy/properties/nonDrivers",
                            "items": {
                                "id": "/properties/policy/properties/autoPolicy/properties/nonDrivers/items",
                                "properties": {
                                    "dateofbirth": {
                                        "id": "/properties/policy/properties/autoPolicy/properties/nonDrivers/items/properties/dateofbirth",
                                        "type": "string"
                                    },
                                    "expiryDate": {
                                        "id": "/properties/policy/properties/autoPolicy/properties/nonDrivers/items/properties/expiryDate",
                                        "type": "string"
                                    },
                                    "gender": {
                                        "id": "/properties/policy/properties/autoPolicy/properties/nonDrivers/items/properties/gender",
                                        "type": "string"
                                    },
                                    "issuedDate": {
                                        "id": "/properties/policy/properties/autoPolicy/properties/nonDrivers/items/properties/issuedDate",
                                        "type": "string"
                                    },
                                    "issuedState": {
                                        "id": "/properties/policy/properties/autoPolicy/properties/nonDrivers/items/properties/issuedState",
                                        "type": "string"
                                    },
                                    "licenseNumber": {
                                        "id": "/properties/policy/properties/autoPolicy/properties/nonDrivers/items/properties/licenseNumber",
                                        "type": "string"
                                    },
                                    "person": {
                                        "id": "/properties/policy/properties/autoPolicy/properties/nonDrivers/items/properties/person",
                                        "properties": {
                                            "firstName": {
                                                "id": "/properties/policy/properties/autoPolicy/properties/nonDrivers/items/properties/person/properties/firstName",
                                                "type": "string"
                                            },
                                            "lastName": {
                                                "id": "/properties/policy/properties/autoPolicy/properties/nonDrivers/items/properties/person/properties/lastName",
                                                "type": "string"
                                            },
                                            "middleName": {
                                                "id": "/properties/policy/properties/autoPolicy/properties/nonDrivers/items/properties/person/properties/middleName",
                                                "type": "string"
                                            }
                                        },
                                        "type": "object"
                                    },
                                    "reasonCode": {
                                        "id": "/properties/policy/properties/autoPolicy/properties/nonDrivers/items/properties/reasonCode",
                                        "type": "string"
                                    },
                                    "relationship": {
                                        "id": "/properties/policy/properties/autoPolicy/properties/nonDrivers/items/properties/relationship",
                                        "type": "string"
                                    }
                                },
                                "type": "object"
                            },
                            "type": "array"
                        },
                        "umbrellaPolicyIndicator": {
                            "id": "/properties/policy/properties/autoPolicy/properties/umbrellaPolicyIndicator",
                            "type": "string"
                        }
                    },
                    "type": "object"
                },
                "brand": {
                    "id": "/properties/policy/properties/brand",
                    "type": "string"
                },
                "cancellationDate": {
                    "id": "/properties/policy/properties/cancellationDate",
                    "type": "string"
                },
                "cancellationReason": {
                    "id": "/properties/policy/properties/cancellationReason",
                    "type": "string"
                },
                "currencyCode": {
                    "id": "/properties/policy/properties/currencyCode",
                    "type": "string"
                },
                "escrowBillIndicator": {
                    "id": "/properties/policy/properties/escrowBillIndicator",
                    "type": "string"
                },
                "fullTermPremium": {
                    "id": "/properties/policy/properties/fullTermPremium",
                    "type": "string"
                },
                "homePolicy": {
                    "id": "/properties/policy/properties/homePolicy",
                    "properties": {
                        "addtlMortgageIndicator": {
                            "id": "/properties/policy/properties/homePolicy/properties/addtlMortgageIndicator",
                            "type": "string"
                        },
                        "ceaBillingAccountNumber": {
                            "id": "/properties/policy/properties/homePolicy/properties/ceaBillingAccountNumber",
                            "type": "string"
                        },
                        "ceaPolicyIndicator": {
                            "id": "/properties/policy/properties/homePolicy/properties/ceaPolicyIndicator",
                            "type": "string"
                        },
                        "ceaPolicyNumber": {
                            "id": "/properties/policy/properties/homePolicy/properties/ceaPolicyNumber",
                            "type": "string"
                        },
                        "mortgageAddress": {
                            "id": "/properties/policy/properties/homePolicy/properties/mortgageAddress",
                            "items": {
                                "id": "/properties/policy/properties/homePolicy/properties/mortgageAddress/items",
                                "properties": {
                                    "StreetAddress1": {
                                        "id": "/properties/policy/properties/homePolicy/properties/mortgageAddress/items/properties/StreetAddress1",
                                        "type": "string"
                                    },
                                    "StreetAddress2": {
                                        "id": "/properties/policy/properties/homePolicy/properties/mortgageAddress/items/properties/StreetAddress2",
                                        "type": "null"
                                    },
                                    "addressType": {
                                        "id": "/properties/policy/properties/homePolicy/properties/mortgageAddress/items/properties/addressType",
                                        "type": "string"
                                    },
                                    "city": {
                                        "id": "/properties/policy/properties/homePolicy/properties/mortgageAddress/items/properties/city",
                                        "type": "string"
                                    },
                                    "country": {
                                        "id": "/properties/policy/properties/homePolicy/properties/mortgageAddress/items/properties/country",
                                        "type": "null"
                                    },
                                    "loanNumber": {
                                        "id": "/properties/policy/properties/homePolicy/properties/mortgageAddress/items/properties/loanNumber",
                                        "type": "string"
                                    },
                                    "mortgageNumber": {
                                        "id": "/properties/policy/properties/homePolicy/properties/mortgageAddress/items/properties/mortgageNumber",
                                        "type": "string"
                                    },
                                    "name": {
                                        "id": "/properties/policy/properties/homePolicy/properties/mortgageAddress/items/properties/name",
                                        "type": "string"
                                    },
                                    "phoneNumber": {
                                        "id": "/properties/policy/properties/homePolicy/properties/mortgageAddress/items/properties/phoneNumber",
                                        "type": "string"
                                    },
                                    "province": {
                                        "id": "/properties/policy/properties/homePolicy/properties/mortgageAddress/items/properties/province",
                                        "type": "null"
                                    },
                                    "state": {
                                        "id": "/properties/policy/properties/homePolicy/properties/mortgageAddress/items/properties/state",
                                        "type": "string"
                                    },
                                    "zip": {
                                        "id": "/properties/policy/properties/homePolicy/properties/mortgageAddress/items/properties/zip",
                                        "type": "string"
                                    },
                                    "zipSuffix": {
                                        "id": "/properties/policy/properties/homePolicy/properties/mortgageAddress/items/properties/zipSuffix",
                                        "type": "string"
                                    }
                                },
                                "type": "object"
                            },
                            "type": "array"
                        }
                    },
                    "type": "object"
                },
                "houseHoldNumber": {
                    "id": "/properties/policy/properties/houseHoldNumber",
                    "type": "string"
                },
                "insured": {
                    "id": "/properties/policy/properties/insured",
                    "items": {
                        "id": "/properties/policy/properties/insured/items",
                        "properties": {
                            "address": {
                                "id": "/properties/policy/properties/insured/items/properties/address",
                                "properties": {
                                    "city": {
                                        "id": "/properties/policy/properties/insured/items/properties/address/properties/city",
                                        "type": "string"
                                    },
                                    "country": {
                                        "id": "/properties/policy/properties/insured/items/properties/address/properties/country",
                                        "type": "string"
                                    },
                                    "postalCode": {
                                        "id": "/properties/policy/properties/insured/items/properties/address/properties/postalCode",
                                        "type": "string"
                                    },
                                    "province": {
                                        "id": "/properties/policy/properties/insured/items/properties/address/properties/province",
                                        "type": "string"
                                    },
                                    "state": {
                                        "id": "/properties/policy/properties/insured/items/properties/address/properties/state",
                                        "type": "string"
                                    },
                                    "streetAddress1": {
                                        "id": "/properties/policy/properties/insured/items/properties/address/properties/streetAddress1",
                                        "type": "string"
                                    },
                                    "streetAddress2": {
                                        "id": "/properties/policy/properties/insured/items/properties/address/properties/streetAddress2",
                                        "type": "string"
                                    },
                                    "zipSuffix": {
                                        "id": "/properties/policy/properties/insured/items/properties/address/properties/zipSuffix",
                                        "type": "string"
                                    }
                                },
                                "type": "object"
                            },
                            "dateofbirth": {
                                "id": "/properties/policy/properties/insured/items/properties/dateofbirth",
                                "type": "string"
                            },
                            "electronicAddress": {
                                "id": "/properties/policy/properties/insured/items/properties/electronicAddress",
                                "type": "string"
                            },
                            "firstName": {
                                "id": "/properties/policy/properties/insured/items/properties/firstName",
                                "type": "string"
                            },
                            "gender": {
                                "id": "/properties/policy/properties/insured/items/properties/gender",
                                "type": "string"
                            },
                            "lastName": {
                                "id": "/properties/policy/properties/insured/items/properties/lastName",
                                "type": "string"
                            },
                            "middleName": {
                                "id": "/properties/policy/properties/insured/items/properties/middleName",
                                "type": "string"
                            },
                            "telephoneNumber": {
                                "id": "/properties/policy/properties/insured/items/properties/telephoneNumber",
                                "type": "string"
                            },
                            "type": {
                                "id": "/properties/policy/properties/insured/items/properties/type",
                                "type": "string"
                            }
                        },
                        "type": "object"
                    },
                    "type": "array"
                },
                "insurerCompanyCode": {
                    "id": "/properties/policy/properties/insurerCompanyCode",
                    "type": "string"
                },
                "insurerCompanyName": {
                    "id": "/properties/policy/properties/insurerCompanyName",
                    "type": "string"
                },
                "lapseDate": {
                    "id": "/properties/policy/properties/lapseDate",
                    "type": "string"
                },
                "lapseInCoverage": {
                    "id": "/properties/policy/properties/lapseInCoverage",
                    "type": "string"
                },
                "lob": {
                    "id": "/properties/policy/properties/lob",
                    "type": "string"
                },
                "moreHouseHoldCountIndicator": {
                    "id": "/properties/policy/properties/moreHouseHoldCountIndicator",
                    "type": "string"
                },
                "noAgentIndicator": {
                    "id": "/properties/policy/properties/noAgentIndicator",
                    "type": "string"
                },
                "paperlessIndicator": {
                    "id": "/properties/policy/properties/paperlessIndicator",
                    "type": "string"
                },
                "payplan": {
                    "id": "/properties/policy/properties/payplan",
                    "type": "string"
                },
                "policyCoverages": {
                    "id": "/properties/policy/properties/policyCoverages",
                    "items": {
                        "id": "/properties/policy/properties/policyCoverages/items",
                        "properties": {
                            "coverageAmount": {
                                "id": "/properties/policy/properties/policyCoverages/items/properties/coverageAmount",
                                "type": "string"
                            },
                            "coverageAmountType": {
                                "id": "/properties/policy/properties/policyCoverages/items/properties/coverageAmountType",
                                "type": "string"
                            },
                            "coverageTypeCode": {
                                "id": "/properties/policy/properties/policyCoverages/items/properties/coverageTypeCode",
                                "type": "string"
                            },
                            "coverageTypeDescription": {
                                "id": "/properties/policy/properties/policyCoverages/items/properties/coverageTypeDescription",
                                "type": "string"
                            },
                            "valueAmount1": {
                                "id": "/properties/policy/properties/policyCoverages/items/properties/valueAmount1",
                                "type": "string"
                            },
                            "valueAmount2": {
                                "id": "/properties/policy/properties/policyCoverages/items/properties/valueAmount2",
                                "type": "string"
                            },
                            "valueAmount3": {
                                "id": "/properties/policy/properties/policyCoverages/items/properties/valueAmount3",
                                "type": "string"
                            }
                        },
                        "type": "object"
                    },
                    "type": "array"
                },
                "policyDescription": {
                    "id": "/properties/policy/properties/policyDescription",
                    "type": "string"
                },
                "policyDocument": {
                    "id": "/properties/policy/properties/policyDocument",
                    "properties": {
                        "associatedDocumentReference": {
                            "id": "/properties/policy/properties/policyDocument/properties/associatedDocumentReference",
                            "type": "string"
                        },
                        "validWhenPrintedIndicator": {
                            "id": "/properties/policy/properties/policyDocument/properties/validWhenPrintedIndicator",
                            "type": "string"
                        },
                        "visibleIndicator": {
                            "id": "/properties/policy/properties/policyDocument/properties/visibleIndicator",
                            "type": "string"
                        }
                    },
                    "type": "object"
                },
                "policyNumber": {
                    "id": "/properties/policy/properties/policyNumber",
                    "type": "string"
                },
                "policyProductCode": {
                    "id": "/properties/policy/properties/policyProductCode",
                    "type": "string"
                },
                "policyProductType": {
                    "id": "/properties/policy/properties/policyProductType",
                    "type": "string"
                },
                "policyState": {
                    "id": "/properties/policy/properties/policyState",
                    "type": "string"
                },
                "policyStateCode": {
                    "id": "/properties/policy/properties/policyStateCode",
                    "type": "string"
                },
                "policyStatus": {
                    "id": "/properties/policy/properties/policyStatus",
                    "type": "string"
                },
                "policyStatusCode": {
                    "id": "/properties/policy/properties/policyStatusCode",
                    "type": "string"
                },
                "policySubProductCode": {
                    "id": "/properties/policy/properties/policySubProductCode",
                    "type": "string"
                },
                "renewalDate": {
                    "id": "/properties/policy/properties/renewalDate",
                    "type": "string"
                },
                "renewalIndicator": {
                    "id": "/properties/policy/properties/renewalIndicator",
                    "type": "string"
                },
                "sourceSystemCode": {
                    "id": "/properties/policy/properties/sourceSystemCode",
                    "type": "string"
                },
                "specialtyPolicy": {
                    "id": "/properties/policy/properties/specialtyPolicy",
                    "properties": {
                        "driver": {
                            "id": "/properties/policy/properties/specialtyPolicy/properties/driver",
                            "items": {
                                "id": "/properties/policy/properties/specialtyPolicy/properties/driver/items",
                                "properties": {
                                    "dateOfBirth": {
                                        "id": "/properties/policy/properties/specialtyPolicy/properties/driver/items/properties/dateOfBirth",
                                        "type": "string"
                                    },
                                    "firstName": {
                                        "id": "/properties/policy/properties/specialtyPolicy/properties/driver/items/properties/firstName",
                                        "type": "string"
                                    },
                                    "gender": {
                                        "id": "/properties/policy/properties/specialtyPolicy/properties/driver/items/properties/gender",
                                        "type": "string"
                                    },
                                    "isExcluded": {
                                        "id": "/properties/policy/properties/specialtyPolicy/properties/driver/items/properties/isExcluded",
                                        "type": "string"
                                    },
                                    "lastName": {
                                        "id": "/properties/policy/properties/specialtyPolicy/properties/driver/items/properties/lastName",
                                        "type": "string"
                                    },
                                    "licenseNumber": {
                                        "id": "/properties/policy/properties/specialtyPolicy/properties/driver/items/properties/licenseNumber",
                                        "type": "string"
                                    },
                                    "licenseState": {
                                        "id": "/properties/policy/properties/specialtyPolicy/properties/driver/items/properties/licenseState",
                                        "type": "string"
                                    },
                                    "middleName": {
                                        "id": "/properties/policy/properties/specialtyPolicy/properties/driver/items/properties/middleName",
                                        "type": "string"
                                    }
                                },
                                "type": "object"
                            },
                            "type": "array"
                        },
                        "isAdditionalInterests": {
                            "id": "/properties/policy/properties/specialtyPolicy/properties/isAdditionalInterests",
                            "type": "string"
                        },
                        "mortgageInfo": {
                            "id": "/properties/policy/properties/specialtyPolicy/properties/mortgageInfo",
                            "properties": {
                                "address": {
                                    "id": "/properties/policy/properties/specialtyPolicy/properties/mortgageInfo/properties/address",
                                    "properties": {
                                        "city": {
                                            "id": "/properties/policy/properties/specialtyPolicy/properties/mortgageInfo/properties/address/properties/city",
                                            "type": "string"
                                        },
                                        "country": {
                                            "id": "/properties/policy/properties/specialtyPolicy/properties/mortgageInfo/properties/address/properties/country",
                                            "type": "string"
                                        },
                                        "postalCode": {
                                            "id": "/properties/policy/properties/specialtyPolicy/properties/mortgageInfo/properties/address/properties/postalCode",
                                            "type": "string"
                                        },
                                        "state": {
                                            "id": "/properties/policy/properties/specialtyPolicy/properties/mortgageInfo/properties/address/properties/state",
                                            "type": "string"
                                        },
                                        "streetAddress1": {
                                            "id": "/properties/policy/properties/specialtyPolicy/properties/mortgageInfo/properties/address/properties/streetAddress1",
                                            "type": "string"
                                        },
                                        "streetAddress2": {
                                            "id": "/properties/policy/properties/specialtyPolicy/properties/mortgageInfo/properties/address/properties/streetAddress2",
                                            "type": "string"
                                        }
                                    },
                                    "type": "object"
                                },
                                "companyName": {
                                    "id": "/properties/policy/properties/specialtyPolicy/properties/mortgageInfo/properties/companyName",
                                    "type": "string"
                                },
                                "loanNumber": {
                                    "id": "/properties/policy/properties/specialtyPolicy/properties/mortgageInfo/properties/loanNumber",
                                    "type": "string"
                                }
                            },
                            "type": "object"
                        },
                        "unit": {
                            "id": "/properties/policy/properties/specialtyPolicy/properties/unit",
                            "items": {
                                "id": "/properties/policy/properties/specialtyPolicy/properties/unit/items",
                                "properties": {
                                    "VINHIN": {
                                        "id": "/properties/policy/properties/specialtyPolicy/properties/unit/items/properties/VINHIN",
                                        "type": "string"
                                    },
                                    "address": {
                                        "id": "/properties/policy/properties/specialtyPolicy/properties/unit/items/properties/address",
                                        "properties": {
                                            "city": {
                                                "id": "/properties/policy/properties/specialtyPolicy/properties/unit/items/properties/address/properties/city",
                                                "type": "string"
                                            },
                                            "country": {
                                                "id": "/properties/policy/properties/specialtyPolicy/properties/unit/items/properties/address/properties/country",
                                                "type": "string"
                                            },
                                            "postalCode": {
                                                "id": "/properties/policy/properties/specialtyPolicy/properties/unit/items/properties/address/properties/postalCode",
                                                "type": "string"
                                            },
                                            "state": {
                                                "id": "/properties/policy/properties/specialtyPolicy/properties/unit/items/properties/address/properties/state",
                                                "type": "string"
                                            },
                                            "streetAddress1": {
                                                "id": "/properties/policy/properties/specialtyPolicy/properties/unit/items/properties/address/properties/streetAddress1",
                                                "type": "string"
                                            },
                                            "streetAddress2": {
                                                "id": "/properties/policy/properties/specialtyPolicy/properties/unit/items/properties/address/properties/streetAddress2",
                                                "type": "string"
                                            }
                                        },
                                        "type": "object"
                                    },
                                    "code": {
                                        "id": "/properties/policy/properties/specialtyPolicy/properties/unit/items/properties/code",
                                        "type": "string"
                                    },
                                    "currency": {
                                        "id": "/properties/policy/properties/specialtyPolicy/properties/unit/items/properties/currency",
                                        "type": "string"
                                    },
                                    "effeciveDate": {
                                        "id": "/properties/policy/properties/specialtyPolicy/properties/unit/items/properties/effeciveDate",
                                        "type": "string"
                                    },
                                    "make": {
                                        "id": "/properties/policy/properties/specialtyPolicy/properties/unit/items/properties/make",
                                        "type": "string"
                                    },
                                    "model": {
                                        "id": "/properties/policy/properties/specialtyPolicy/properties/unit/items/properties/model",
                                        "type": "string"
                                    },
                                    "number": {
                                        "id": "/properties/policy/properties/specialtyPolicy/properties/unit/items/properties/number",
                                        "type": "string"
                                    },
                                    "premiumAmount": {
                                        "id": "/properties/policy/properties/specialtyPolicy/properties/unit/items/properties/premiumAmount",
                                        "type": "string"
                                    },
                                    "year": {
                                        "id": "/properties/policy/properties/specialtyPolicy/properties/unit/items/properties/year",
                                        "type": "string"
                                    }
                                },
                                "type": "object"
                            },
                            "type": "array"
                        }
                    },
                    "type": "object"
                },
                "termEndDate": {
                    "id": "/properties/policy/properties/termEndDate",
                    "type": "string"
                },
                "termID": {
                    "id": "/properties/policy/properties/termID",
                    "type": "string"
                },
                "termStartDate": {
                    "id": "/properties/policy/properties/termStartDate",
                    "type": "string"
                },
                "umbrellaPolicy": {
                    "id": "/properties/policy/properties/umbrellaPolicy",
                    "properties": {
                        "exposures": {
                            "id": "/properties/policy/properties/umbrellaPolicy/properties/exposures",
                            "items": {
                                "id": "/properties/policy/properties/umbrellaPolicy/properties/exposures/items",
                                "properties": {
                                    "carrier": {
                                        "id": "/properties/policy/properties/umbrellaPolicy/properties/exposures/items/properties/carrier",
                                        "type": "string"
                                    },
                                    "exposureCode": {
                                        "id": "/properties/policy/properties/umbrellaPolicy/properties/exposures/items/properties/exposureCode",
                                        "type": "string"
                                    },
                                    "policyNumber": {
                                        "id": "/properties/policy/properties/umbrellaPolicy/properties/exposures/items/properties/policyNumber",
                                        "type": "string"
                                    }
                                },
                                "type": "object"
                            },
                            "type": "array"
                        }
                    },
                    "type": "object"
                }
            },
            "type": "object"
        }
    },
    "type": "object"
}