{
  "$schema": "http://json-schema.org/draft-04/schema#", 
  "additionalProperties": false, 
  "definitions": {}, 
  "properties": {
    "houseHold": {
      "additionalProperties": false, 
      "properties": {
        "houseHoldNumber": {
          "type": "string"
        }, 
        "members": {
          "additionalItems": false, 
          "items": {
            "additionalProperties": false, 
            "properties": {
              "member": {
                "additionalProperties": false, 
                "properties": {
                  "birthDate": {
                    "type": "string"
                  }, 
                  "drivingLicense": {
                    "additionalProperties": false, 
                    "properties": {
                      "description": {
                        "type": "string"
                      }, 
                      "id": {
                        "type": "string"
                      }, 
                      "status": {
                        "type": "string"
                      }
                    }, 
                    "type": "object"
                  }, 
                  "firstName": {
                    "type": "string"
                  }, 
                  "gender": {
                    "type": "string"
                  }, 
                  "houseHoldMemberIndicator": {
                    "type": "string"
                  }, 
                  "id": {
                    "type": "string"
                  }, 
                  "isRatedDriver": {
                    "type": "string"
                  }, 
                  "lastName": {
                    "type": "string"
                  }, 
                  "maritalStatus": {
                    "type": "string"
                  }, 
                  "memberRelationshipType": {
                    "type": "string"
                  }, 
                  "middleName": {
                    "type": "string"
                  }, 
                  "policyRestriction": {
                    "type": "string"
                  }, 
                  "primeRole": {
                    "type": "string"
                  }, 
                  "rideShareDriverIndicator": {
                    "type": "string"
                  }
                }, 
                "type": "object"
              }
            }, 
            "type": "object"
          }, 
          "type": "array"
        }, 
        "moreHouseHoldMemberIndicator": {
          "type": "string"
        }, 
        "policies": {
          "additionalItems": false, 
          "items": {
            "additionalProperties": false, 
            "properties": {
              "policy": {
                "additionalProperties": false, 
                "properties": {
                  "agentInfo": {
                    "additionalProperties": false, 
                    "properties": {
                      "address": {
                        "additionalProperties": false, 
                        "properties": {
                          "StreetAddress1": {
                            "type": "string"
                          }, 
                          "StreetAddress2": {
                            "type": "string"
                          }, 
                          "city": {
                            "type": "string"
                          }, 
                          "country": {
                            "type": "string"
                          }, 
                          "state": {
                            "type": "string"
                          }, 
                          "zip": {
                            "type": "string"
                          }, 
                          "zipSuffix": {
                            "type": "string"
                          }
                        }, 
                        "type": "object"
                      }, 
                      "agentCode": {
                        "type": "string"
                      }, 
                      "agentDistrictCode": {
                        "type": "string"
                      }, 
                      "agentPhoneNumber": {
                        "additionalItems": false, 
                        "items": {
                          "additionalProperties": false, 
                          "properties": {
                            "telephoneNumber": {
                              "additionalProperties": false, 
                              "properties": {
                                "contactPoint": {
                                  "type": "string"
                                }, 
                                "electronicType": {
                                  "type": "string"
                                }
                              }, 
                              "type": "object"
                            }
                          }, 
                          "type": "object"
                        }, 
                        "type": "array"
                      }, 
                      "agentRegionCode": {
                        "type": "string"
                      }, 
                      "firstName": {
                        "type": "string"
                      }, 
                      "lastName": {
                        "type": "string"
                      }, 
                      "middleName": {
                        "type": "string"
                      }
                    }, 
                    "type": "object"
                  }, 
                  "cancellationDate": {
                    "type": "string"
                  }, 
                  "effectiveDate": {
                    "type": "string"
                  }, 
                  "endDate": {
                    "type": "string"
                  }, 
                  "insured": {
                    "additionalItems": false, 
                    "items": {
                      "additionalProperties": false, 
                      "properties": {
                        "Vehicle": {
                          "additionalItems": false, 
                          "items": {
                            "additionalProperties": false, 
                            "properties": {
                              "Make": {
                                "type": "string"
                              }, 
                              "Model": {
                                "type": "string"
                              }, 
                              "Type": {
                                "type": "string"
                              }, 
                              "Year": {
                                "type": "string"
                              }, 
                              "motorHorsePower": {
                                "type": "string"
                              }, 
                              "policyUnit": {
                                "type": "string"
                              }, 
                              "premiumDue": {
                                "type": "string"
                              }, 
                              "ratedDrivers": {
                                "additionalItems": false, 
                                "items": {
                                  "additionalProperties": false, 
                                  "properties": {
                                    "id": {
                                      "type": "string"
                                    }
                                  }, 
                                  "type": "object"
                                }, 
                                "type": "array"
                              }, 
                              "vehicleLocationNumber": {
                                "type": "string"
                              }, 
                              "vin": {
                                "type": "string"
                              }
                            }, 
                            "type": "object"
                          }, 
                          "type": "array"
                        }, 
                        "address": {
                          "additionalProperties": false, 
                          "properties": {
                            "city": {
                              "type": "string"
                            }, 
                            "country": {
                              "type": "string"
                            }, 
                            "postalCode": {
                              "type": "string"
                            }, 
                            "state": {
                              "type": "string"
                            }, 
                            "streetAddress1": {
                              "type": "string"
                            }, 
                            "streetAddress2": {
                              "type": "string"
                            }, 
                            "zipSuffix": {
                              "type": "string"
                            }
                          }, 
                          "type": "object"
                        }, 
                        "doingBusinessAs": {
                          "type": "string"
                        }, 
                        "electronicAddress": {
                          "type": "string"
                        }, 
                        "firstName": {
                          "type": "string"
                        }, 
                        "garage": {
                          "additionalItems": false, 
                          "items": {
                            "additionalProperties": false, 
                            "properties": {
                              "buildingName": {
                                "type": "string"
                              }, 
                              "city": {
                                "type": "string"
                              }, 
                              "postalCode": {
                                "type": "string"
                              }, 
                              "postalCodeExtension": {
                                "type": "string"
                              }, 
                              "sequenceNumber": {
                                "type": "string"
                              }, 
                              "state": {
                                "type": "string"
                              }, 
                              "street": {
                                "type": "string"
                              }
                            }, 
                            "type": "object"
                          }, 
                          "type": "array"
                        }, 
                        "lastName": {
                          "type": "string"
                        }, 
                        "middleName": {
                          "type": "string"
                        }, 
                        "telephoneNumber": {
                          "type": "string"
                        }
                      }, 
                      "type": "object"
                    }, 
                    "type": "array"
                  }, 
                  "insurerCompanyCode": {
                    "type": "string"
                  }, 
                  "insurerCompanyName": {
                    "type": "string"
                  }, 
                  "isMulticarPolicy": {
                    "type": "string"
                  }, 
                  "lob": {
                    "type": "string"
                  }, 
                  "naicCompanyCode": {
                    "type": "string"
                  }, 
                  "noAgentIndicator": {
                    "type": "string"
                  }, 
                  "policyDescription": {
                    "type": "string"
                  }, 
                  "policyModNumber": {
                    "type": "string"
                  }, 
                  "policyNumber": {
                    "type": "string"
                  }, 
                  "policyPrefix": {
                    "type": "string"
                  }, 
                  "policyProductAlternateCode": {
                    "type": "string"
                  }, 
                  "policyProductCode": {
                    "type": "string"
                  }, 
                  "policyPullTransactionNumber": {
                    "type": "string"
                  }, 
                  "policyState": {
                    "type": "string"
                  }, 
                  "policyStateCode": {
                    "type": "string"
                  }, 
                  "policySubProductCode": {
                    "type": "string"
                  }, 
                  "sourceSystemCode": {
                    "type": "string"
                  }, 
                  "status": {
                    "type": "string"
                  }, 
                  "umbrellaPolicyIndicator": {
                    "type": "string"
                  }
                }, 
                "type": "object"
              }
            }, 
            "type": "object"
          }, 
          "type": "array"
        }
      }, 
      "type": "object"
    }
  }, 
  "type": "object"
}