{
  "$schema": "http://json-schema.org/draft-04/schema#", 
  "additionalProperties": false, 
  "definitions": {}, 
  "properties": {
    "policyUnitDetails": {
      "additionalProperties": false, 
      "properties": {
        "autoPolicy": {
          "additionalProperties": false, 
          "properties": {
            "insuredVehicle": {
              "additionalItems": false, 
              "items": {
                "additionalProperties": false, 
                "properties": {
                  "ageGroup": {
                    "type": "string"
                  }, 
                  "vehicleAge": {
                    "type": "string"
                  }, 
                  "vehicleCoverages": {
                    "additionalItems": false, 
                    "items": {
                      "additionalProperties": false, 
                      "properties": {
                        "coverage": {
                          "additionalProperties": false, 
                          "properties": {
                            "deductibleAmount1": {
                              "type": "string"
                            }, 
                            "deductibleAmount1Description": {
                              "type": "string"
                            }, 
                            "deductibleAmount2": {
                              "type": "string"
                            }, 
                            "deductibleAmount2Description": {
                              "type": "string"
                            }, 
                            "deductibleAmount3": {
                              "type": "string"
                            }, 
                            "deductibleAmount3Description": {
                              "type": "string"
                            }, 
                            "description": {
                              "type": "string"
                            }, 
                            "fuelLimitReached": {
                              "type": "string"
                            }, 
                            "limitAmount": {
                              "type": "string"
                            }, 
                            "limitAmount1": {
                              "type": "string"
                            }, 
                            "limitAmount1Description": {
                              "type": "string"
                            }, 
                            "limitAmount2": {
                              "type": "string"
                            }, 
                            "limitAmount2Description": {
                              "type": "string"
                            }, 
                            "limitAmount3": {
                              "type": "string"
                            }, 
                            "limitAmount3Description": {
                              "type": "string"
                            }, 
                            "newCarIndicator": {
                              "type": "string"
                            }, 
                            "towLimitReached": {
                              "type": "string"
                            }
                          }, 
                          "type": "object"
                        }
                      }, 
                      "type": "object"
                    }, 
                    "type": "array"
                  }, 
                  "vehicleMake": {
                    "type": "string"
                  }, 
                  "vehicleMakeCode": {
                    "type": "string"
                  }, 
                  "vehicleModel": {
                    "type": "string"
                  }, 
                  "vehicleModelCode": {
                    "type": "string"
                  }, 
                  "vehicleUnitNumber": {
                    "type": "string"
                  }, 
                  "vehicleYear": {
                    "type": "string"
                  }, 
                  "vin": {
                    "type": "string"
                  }
                }, 
                "type": "object"
              }, 
              "type": "array"
            }
          }, 
          "type": "object"
        }, 
        "coverageSourceSystem": {
          "type": "string"
        }, 
        "coverageVerificationStatus": {
          "type": "string"
        }, 
        "insured": {
          "additionalItems": false, 
          "items": {
            "additionalProperties": false, 
            "properties": {
              "address": {
                "additionalItems": false, 
                "items": {
                  "additionalProperties": false, 
                  "properties": {
                    "city": {
                      "type": "string"
                    }, 
                    "country": {
                      "type": "string"
                    }, 
                    "postalCode": {
                      "type": "string"
                    }, 
                    "state": {
                      "type": "string"
                    }, 
                    "streetAddress1": {
                      "type": "string"
                    }, 
                    "streetAddress2": {
                      "type": "string"
                    }, 
                    "zipSuffix": {
                      "type": "string"
                    }
                  }, 
                  "type": "object"
                }, 
                "type": "array"
              }, 
              "firstName": {
                "type": "string"
              }, 
              "lastName": {
                "type": "string"
              }
            }, 
            "type": "object"
          }, 
          "type": "array"
        }, 
        "lossNumber": {
          "type": "string"
        }, 
        "policyNumber": {
          "type": "string"
        }, 
        "policyStateCode": {
          "type": "string"
        }, 
        "policyUnitId": {
          "type": "string"
        }
      }, 
      "type": "object"
    }
  }, 
  "type": "object"
}