{
    "$schema": "http://json-schema.org/draft-04/schema#",
    "definitions": {},
    "id": "http://example.com/example.json",
    "properties": {
        "houseHolds": {
            "id": "/properties/houseHolds",
            "items": {
                "id": "/properties/houseHolds/items",
                "properties": {
                    "houseHold": {
                        "id": "/properties/houseHolds/items/properties/houseHold",
                        "properties": {
                            "houseHoldNumber": {
                                "id": "/properties/houseHolds/items/properties/houseHold/properties/houseHoldNumber",
                                "type": "string"
                            },
                            "members": {
                                "id": "/properties/houseHolds/items/properties/houseHold/properties/members",
                                "items": {
                                    "id": "/properties/houseHolds/items/properties/houseHold/properties/members/items",
                                    "properties": {
                                        "address": {
                                            "id": "/properties/houseHolds/items/properties/houseHold/properties/members/items/properties/address",
                                            "items": {
                                                "id": "/properties/houseHolds/items/properties/houseHold/properties/members/items/properties/address/items",
                                                "properties": {
                                                    "addressLines": {
                                                        "id": "/properties/houseHolds/items/properties/houseHold/properties/members/items/properties/address/items/properties/addressLines",
                                                        "items": {
                                                            "id": "/properties/houseHolds/items/properties/houseHold/properties/members/items/properties/address/items/properties/addressLines/items",
                                                            "type": "string"
                                                        },
                                                        "type": "array"
                                                    },
                                                    "city": {
                                                        "id": "/properties/houseHolds/items/properties/houseHold/properties/members/items/properties/address/items/properties/city",
                                                        "type": "string"
                                                    },
                                                    "contactPointAsString": {
                                                        "id": "/properties/houseHolds/items/properties/houseHold/properties/members/items/properties/address/items/properties/contactPointAsString",
                                                        "type": "string"
                                                    },
                                                    "contactPointType": {
                                                        "id": "/properties/houseHolds/items/properties/houseHold/properties/members/items/properties/address/items/properties/contactPointType",
                                                        "type": "string"
                                                    },
                                                    "countryCode": {
                                                        "id": "/properties/houseHolds/items/properties/houseHold/properties/members/items/properties/address/items/properties/countryCode",
                                                        "type": "string"
                                                    },
                                                    "postalCode": {
                                                        "id": "/properties/houseHolds/items/properties/houseHold/properties/members/items/properties/address/items/properties/postalCode",
                                                        "type": "string"
                                                    },
                                                    "postalCodeExtension": {
                                                        "id": "/properties/houseHolds/items/properties/houseHold/properties/members/items/properties/address/items/properties/postalCodeExtension",
                                                        "type": "string"
                                                    },
                                                    "region": {
                                                        "id": "/properties/houseHolds/items/properties/houseHold/properties/members/items/properties/address/items/properties/region",
                                                        "type": "string"
                                                    }
                                                },
                                                "type": "object"
                                            },
                                            "type": "array"
                                        },
                                        "member": {
                                            "id": "/properties/houseHolds/items/properties/houseHold/properties/members/items/properties/member",
                                            "properties": {
                                                "businessName": {
                                                    "id": "/properties/houseHolds/items/properties/houseHold/properties/members/items/properties/member/properties/businessName",
                                                    "type": "string"
                                                },
                                                "firstName": {
                                                    "id": "/properties/houseHolds/items/properties/houseHold/properties/members/items/properties/member/properties/firstName",
                                                    "type": "string"
                                                },
                                                "lastName": {
                                                    "id": "/properties/houseHolds/items/properties/houseHold/properties/members/items/properties/member/properties/lastName",
                                                    "type": "string"
                                                },
                                                "middleName": {
                                                    "id": "/properties/houseHolds/items/properties/houseHold/properties/members/items/properties/member/properties/middleName",
                                                    "type": "string"
                                                }
                                            },
                                            "type": "object"
                                        }
                                    },
                                    "type": "object"
                                },
                                "type": "array"
                            },
                            "policies": {
                                "id": "/properties/houseHolds/items/properties/houseHold/properties/policies",
                                "items": {
                                    "id": "/properties/houseHolds/items/properties/houseHold/properties/policies/items",
                                    "properties": {
                                        "policy": {
                                            "id": "/properties/houseHolds/items/properties/houseHold/properties/policies/items/properties/policy",
                                            "properties": {
                                                "description": {
                                                    "id": "/properties/houseHolds/items/properties/houseHold/properties/policies/items/properties/policy/properties/description",
                                                    "type": "string"
                                                },
                                                "effectiveDate": {
                                                    "id": "/properties/houseHolds/items/properties/houseHold/properties/policies/items/properties/policy/properties/effectiveDate",
                                                    "type": "string"
                                                },
                                                "insurerCompanyName": {
                                                    "id": "/properties/houseHolds/items/properties/houseHold/properties/policies/items/properties/policy/properties/insurerCompanyName",
                                                    "type": "string"
                                                },
                                                "isScheduled": {
                                                    "id": "/properties/houseHolds/items/properties/houseHold/properties/policies/items/properties/policy/properties/isScheduled",
                                                    "type": "string"
                                                },
                                                "lineOfBusiness": {
                                                    "id": "/properties/houseHolds/items/properties/houseHold/properties/policies/items/properties/policy/properties/lineOfBusiness",
                                                    "type": "string"
                                                },
                                                "multiLinePolicyIndicator": {
                                                    "id": "/properties/houseHolds/items/properties/houseHold/properties/policies/items/properties/policy/properties/multiLinePolicyIndicator",
                                                    "type": "string"
                                                },
                                                "number": {
                                                    "id": "/properties/houseHolds/items/properties/houseHold/properties/policies/items/properties/policy/properties/number",
                                                    "type": "string"
                                                },
                                                "plannedEndDate": {
                                                    "id": "/properties/houseHolds/items/properties/houseHold/properties/policies/items/properties/policy/properties/plannedEndDate",
                                                    "type": "string"
                                                },
                                                "productCode": {
                                                    "id": "/properties/houseHolds/items/properties/houseHold/properties/policies/items/properties/policy/properties/productCode",
                                                    "type": "string"
                                                },
                                                "sourceSystemCode": {
                                                    "id": "/properties/houseHolds/items/properties/houseHold/properties/policies/items/properties/policy/properties/sourceSystemCode",
                                                    "type": "string"
                                                },
                                                "stateCode": {
                                                    "id": "/properties/houseHolds/items/properties/houseHold/properties/policies/items/properties/policy/properties/stateCode",
                                                    "type": "string"
                                                },
                                                "status": {
                                                    "id": "/properties/houseHolds/items/properties/houseHold/properties/policies/items/properties/policy/properties/status",
                                                    "type": "string"
                                                },
                                                "subProductCode": {
                                                    "id": "/properties/houseHolds/items/properties/houseHold/properties/policies/items/properties/policy/properties/subProductCode",
                                                    "type": "string"
                                                }
                                            },
                                            "type": "object"
                                        }
                                    },
                                    "type": "object"
                                },
                                "type": "array"
                            }
                        },
                        "type": "object"
                    }
                },
                "type": "object"
            },
            "type": "array"
        }
    },
    "type": "object"
}