{
    "$schema": "http://json-schema.org/draft-04/schema#",
    "definitions": {},
    "id": "http://example.com/example.json",
    "properties": {
        "criteria": {
            "id": "/properties/criteria",
            "properties": {
                "agent": {
                    "id": "/properties/criteria/properties/agent",
                    "items": {
                        "id": "/properties/criteria/properties/agent/items",
                        "properties": {
                            "firstName": {
                                "id": "/properties/criteria/properties/agent/items/properties/firstName",
                                "type": "string"
                            },
                            "lastName": {
                                "id": "/properties/criteria/properties/agent/items/properties/lastName",
                                "type": "string"
                            }
                        },
                        "type": "object"
                    },
                    "type": "array"
                },
                "insured": {
                    "id": "/properties/criteria/properties/insured",
                    "properties": {
                        "address": {
                            "id": "/properties/criteria/properties/insured/properties/address",
                            "properties": {
                                "street": {
                                    "id": "/properties/criteria/properties/insured/properties/address/properties/street",
                                    "type": "string"
                                },
                                "postalCode": {
                                    "id": "/properties/criteria/properties/insured/properties/address/properties/postalCode",
                                    "type": "string"
                                }
                            },
                            "type": "object"
                        },
                        "firstName": {
                            "id": "/properties/criteria/properties/insured/properties/firstName",
                            "type": "string"
                        },
                        "lastName": {
                            "id": "/properties/criteria/properties/insured/properties/lastName",
                            "type": "string"
                        }
                    },
                    "type": "object"
                },
                "lossDate": {
                    "id": "/properties/criteria/properties/lossDate",
                    "type": "string"
                },
                "policyNumber": {
                    "id": "/properties/criteria/properties/policyNumber",
                    "type": "string"
                },
                "policySystem": {
                    "id": "/properties/criteria/properties/policySystem",
                    "type": "string"
                },
                "timeZone": {
                    "id": "/properties/criteria/properties/timeZone",
                    "type": "string"
                }
            },
            "type": "object"
        }
    },
    "type": "object"
}