<?xml version="1.0" encoding="UTF-8"?>

<mule xmlns:email="http://www.mulesoft.org/schema/mule/email" xmlns:http="http://www.mulesoft.org/schema/mule/http" xmlns="http://www.mulesoft.org/schema/mule/core" xmlns:doc="http://www.mulesoft.org/schema/mule/documentation"
	xmlns:spring="http://www.springframework.org/schema/beans" 
	xmlns:xsi="http://www.w3.org/2001/XMLSchema-instance"
	xsi:schemaLocation="http://www.springframework.org/schema/beans http://www.springframework.org/schema/beans/spring-beans-current.xsd
http://www.mulesoft.org/schema/mule/core http://www.mulesoft.org/schema/mule/core/current/mule.xsd
http://www.mulesoft.org/schema/mule/http http://www.mulesoft.org/schema/mule/http/current/mule-http.xsd
http://www.mulesoft.org/schema/mule/email http://www.mulesoft.org/schema/mule/email/current/mule-email.xsd">
    <http:listener-config name="HTTP_Listener_Configuration1" host="0.0.0.0" port="8082" doc:name="HTTP Listener Configuration"/>
    <spring:beans>
    	<spring:bean class="custom.genBarCode.genBarCode" name="invokeBarCodeClass"></spring:bean>	
    </spring:beans>
    <flow name="getfile_awslambdaFlow">
        <http:listener config-ref="HTTP_Listener_Configuration1" path="/start/{barCode}" doc:name="HTTP"/>
        <set-variable variableName="emailTo" value="#['tamoghna.ghatak@coastcapitalsavings.com']" doc:name="Set emailTo"/>
        <set-variable variableName="fName" value="#['John']" doc:name="Set fName"/>
        <set-variable variableName="ref" value="#['EA0773']" doc:name="Set ref"/>
        <set-variable variableName="smtpHost" value="#['smtpforwarder.coastcapital.local']" doc:name="Set smtpHost"/>
        <set-variable variableName="emailFrom" value="#['DMOEmailAutoReplyQA@coastcapitalsavings.com']" doc:name="Set emailFrom"/>
        <set-variable variableName="emailSub" value="#['We require your identification at your nearest Canada Post location']" doc:name="Set emailSub"/>
        <invoke object-ref="invokeBarCodeClass" method="encodeImage" doc:name="Invoke_genBarCode"  methodArguments="#[message.inboundProperties.'http.uri.params'.['barCode']], #[flowVars.emailTo], #[flowVars.fName], #[flowVars.ref], #[flowVars.smtpHost],#[flowVars.emailFrom],#[flowVars.emailSub]" methodArgumentTypes="java.lang.String, java.lang.String, java.lang.String, java.lang.String, java.lang.String, java.lang.String, java.lang.String"/>
      
        <logger message="#[payload]" level="INFO" doc:name="Logger"/>
    </flow>
</mule>
