<?xml version="1.0" encoding="UTF-8"?>

<mule xmlns:imap="http://www.mulesoft.org/schema/mule/imap" xmlns:pop3="http://www.mulesoft.org/schema/mule/pop3" xmlns:email="http://www.mulesoft.org/schema/mule/email" xmlns:metadata="http://www.mulesoft.org/schema/mule/metadata" xmlns:smtp="http://www.mulesoft.org/schema/mule/smtp" xmlns:context="http://www.springframework.org/schema/context" xmlns:file="http://www.mulesoft.org/schema/mule/file" xmlns:http="http://www.mulesoft.org/schema/mule/http" xmlns="http://www.mulesoft.org/schema/mule/core" xmlns:doc="http://www.mulesoft.org/schema/mule/documentation"
	xmlns:spring="http://www.springframework.org/schema/beans" 
	xmlns:xsi="http://www.w3.org/2001/XMLSchema-instance"
	xsi:schemaLocation="http://www.springframework.org/schema/beans http://www.springframework.org/schema/beans/spring-beans-current.xsd
http://www.mulesoft.org/schema/mule/core http://www.mulesoft.org/schema/mule/core/current/mule.xsd
http://www.mulesoft.org/schema/mule/file http://www.mulesoft.org/schema/mule/file/current/mule-file.xsd
http://www.mulesoft.org/schema/mule/http http://www.mulesoft.org/schema/mule/http/current/mule-http.xsd
http://www.mulesoft.org/schema/mule/smtp http://www.mulesoft.org/schema/mule/smtp/current/mule-smtp.xsd
http://www.springframework.org/schema/context http://www.springframework.org/schema/context/spring-context-current.xsd
http://www.mulesoft.org/schema/mule/email http://www.mulesoft.org/schema/mule/email/current/mule-email.xsd
http://www.mulesoft.org/schema/mule/pop3 http://www.mulesoft.org/schema/mule/pop3/current/mule-pop3.xsd
http://www.mulesoft.org/schema/mule/imap http://www.mulesoft.org/schema/mule/imap/current/mule-imap.xsd">
    <smtp:connector name="SMTP" contentType="text/html" fromAddress="DMOEmailAutoReplyQA@coastcapitalsavings.com" subject="Test Email From Coast" validateConnections="true" doc:name="SMTP"/>
    <file:connector name="File" readFromDirectory="C:\Users\tghatak\Downloads\File" autoDelete="false" streaming="false" validateConnections="true" doc:name="File" outputAppend="true"/>
    <object-to-string-transformer mimeType="text/html" name="Object_to_String" doc:name="Object to String"/>
    <email:string-to-email-transformer mimeType="text/html" name="String_to_Email" doc:name="String to Email"/>
    <file:file-to-byte-array-transformer mimeType="image/jpeg" name="File_to_Byte_Array" doc:name="File to Byte Array"/>
    <http:listener-config name="HTTP_Listener_Configuration" host="0.0.0.0" port="8081" doc:name="HTTP Listener Configuration"/>
    <flow name="sendemail_customFlow">
        <http:listener config-ref="HTTP_Listener_Configuration" path="/sendmail" doc:name="HTTP"/>
        <flow-ref name="sendemailFlow" doc:name="Flow Reference"/>
    </flow>
    
    <flow name="sendemailFlow">
       <!--  <file:inbound-endpoint path="C:\Users\tghatak\Downloads\File\CODE128SAMPLE.jpg" connector-ref="File" responseTimeout="10000" doc:name="File" pollingFrequency="300000"  encoding="UTF-8" mimeType="text/html" transformer-refs="File_to_Byte_Array"/> -->
        <!-- set-attachment attachmentName="BarCodeImage"   doc:name="Attachment" contentType="text/html" value="#[payload]"/-->
        
        <set-attachment attachmentName="CODE128SAMPLE.jpg" value="#[java.nio.file.Files.readAllBytes(java.nio.file.Paths.get('C://Users//tghatak//Downloads//File//CODE128SAMPLE.jpg'))]" contentType="image/jpeg" doc:name="Create Attachment"/>
 		<set-property propertyName="CODE128SAMPLE.jpg" value="#[['Content-Type': 'image/jpeg', 'Content-Disposition': 'attached'; filename='CODE128SAMPLE.jpg', 'Content-ID': 'CODE128SAMPLE.jpg']]" doc:name="Property" encoding="UTF-8" mimeType="text/html"/>
        <parse-template location="C:\CoastCapitalSavings\Integrations\MuleSoft\DMOWorkSpace\sendemail_Custom\src\main\resources\SendEmail.html" doc:name="Parse Template"/>
        <!-- set-property propertyName="Content Type" value="text/html" mimeType="text/html" doc:name="Property" encoding="UTF-8"/-->
        <smtp:outbound-endpoint host="smtpforwarder.coastcapital.local"  connector-ref="SMTP" to="bitan.ghatak@gmail.com" from="tamoghna.ghatak@coastcapitalsavings.com" subject="Test Email From Coast" responseTimeout="10000" doc:name="SMTP" mimeType="image/png" password="TG*mct01" user="tamoghna.ghatak@coastcapitalsavings.com" cc="tamoghna.ghatak@coastcapitalsavings.com">
         <!-- <reconnect frequency="4000" count="10"/> -->
        </smtp:outbound-endpoint>
        <logger message="#[&quot;Process Completed&quot;]" level="INFO" doc:name="Logger"/>
    </flow>
</mule>
