{
  "$schema": "http://json-schema.org/draft-04/schema#",
  "type": "object",
  "properties": {
    "emailNotifications": {
      "type": "array",
      "items": {
        "type": "object",
        "properties": {
          "emailNotification": {
            "type": "object",
            "properties": {
              "templateName": {
                "type": "string"
              },
              "to": {
                "type": "string"
              },
              "cc": {
                "type": "string"
              },
              "bcc": {
                "type": "string"
              },
              "subject": {
                "type": "string"
              },
              "attachment": {
                "type": "string"
              },
              "brandLogo": {
                "type": "string"
              },
              "insuranceBrand": {
                "type": "string"
              },
              "insuranceGroupIndicator": {
                "type": "string"
              },
              "isSynchronousRequest": {
                "type": "string"
              },
              "companyName": {
                "type": "string"
              },
              "companyLogo": {
                "type": "string"
              },
              "brandedLink": {
                "type": "string"
              },
              "unsubscribeLink": {
                "type": "string"
              },
              "recipientDetails": {
                "type": "object",
                "properties": {
                  "contactId": {
                    "type": "string"
                  },
                  "firstName": {
                    "type": "string"
                  },
                  "lastName": {
                    "type": "string"
                  },
                  "address": {
                    "type": "string"
                  },
                  "phoneNumber": {
                    "type": "string"
                  }
                }
              },
              "senderDetails": {
                "type": "object",
                "properties": {
                  "contactId": {
                    "type": "string"
                  },
                  "firstName": {
                    "type": "string"
                  },
                  "lastName": {
                    "type": "string"
                  },
                  "address": {
                    "type": "string"
                  },
                  "phoneNumber": {
                    "type": "string"
                  }
                }
              },
              "dynamicProperties": {
                "type": "array",
                "items": {
                  "type": "object",
                  "properties": {
                    "value": {
                      "type": "string"
                    },
                    "name": {
                      "type": "string"
                    }
                  }
                }
              }
            }
          }
        }
      }
    }
  }
}