{
  "email": {
    "templateName": "Reminder Notification",
    "from": "abc.efg@gmail.com",
    "to": "abc.efg@gmail.com",
    "replyTo": "abc.efg@gmail.com",
    "cc": "abc.efg@gmail.com",
    "bcc": "abc.efg@gmail.com",
    "subject": "Testing",
    "attachment": "abc.txt",
    "messageBody": "",
    "binaryDataAsString": "",    
    "isSynchronousRequest": "false",
   
    "dynamicProperties": [
      {
        "value": "Farmers",
        "name": "claimGroup"
      },
      {
        "value": "ZFS-1-1DEIOJD",
        "name": "claimId"
      },
      {
        "value": "4000033348-1",
        "name": "claimNumber"
      },
      {
        "value": "4000033349-1-1",
        "name": "claimUnitNumber"
      },
      {
        "value": "4000033349-1-1",
        "name": "reyKeyClaimNumber"
      },
      {
        "value": "LILLIAN CAVOLA",
        "name": "insuredName"
      },
      {
        "value": "121322",
        "name": "insuredPhoneNumber"
      },
      {
        "value": "New Guaranteed Repair Program Vendor Selection",
        "name": "contactReason"
      },
      {
        "value": "COUNTRY WIDE HOME LOANS INC.*8 / 7 * ",
        "name": "vendorLocation"
      },
      {
        "value": "81000000",
        "name": "vendorPhoneNumber"
      }
    ]
  }
}