{
  "$schema": "http://json-schema.org/draft-04/schema#",
  "type": "object",
  "properties": {
    "retrieveCustomerCreditScore": {
      "type": "object",
      "properties": {
        "requestHeader": {
          "type": "object",
          "properties": {
            "userId": {
              "type": "string"
            },
            "systemDateTime": {
              "type": "string"
            },
            "systemName": {
              "type": "string"
            },
            "applicationType": {
              "type": "string"
            },
            "messageReference": {
              "type": "string"
            },
            "functionName": {
              "type": "string"
            },
            "legalEntity": {
              "type": "string"
            },
            "userLanguage": {
              "type": "string"
            },
            "transactionStartDateTime": {
              "type": "string"
            }
          },
          "required": [
            "systemName",
            "messageReference"
          ]
        },
        "additionalCreditScoreType": {
          "type": "string"
        },
        "callingIdentifier": {
          "type": "string"
        },
        "companySymbol": {
          "type": "string"
        },
        "contextEnvironment": {
          "type": "string"
        },
        "creditRequestType": {
          "type": "string"
        },
        "creditScoreModelReference": {
          "type": "object",
          "properties": {
            "sourceSystemId": {
              "type": "string"
            }
          },
          "required": [
            "sourceSystemId"
          ]
        },
        "creditScoreVariable": {
          "type": "array",
          "items": {
            "type": "object",
            "properties": {
              "name": {
                "type": "string"
              },
              "value": {
                "type": "string"
              }
            },
            "required": [
              "name",
              "value"
            ]
          }
        },
        "creditState": {
          "type": "string"
        },
        "currentAddress": {
          "type": "object",
          "properties": {
            "addressStatus": {
              "type": "string"
            },
            "addressType": {
              "type": "string"
            },
            "boxNumber": {
              "type": "string"
            },
            "city": {
              "type": "string"
            },
            "houseNumber": {
              "type": "string"
            },
            "postDirectional": {
              "type": "string"
            },
            "postOfficeBoxNumber": {
              "type": "string"
            },
            "preDirection": {
              "type": "string"
            },
            "ruralRouteNumber": {
              "type": "string"
            },
            "state": {
              "type": "string"
            },
            "streetName": {
              "type": "string"
            },
            "streetType": {
              "type": "string"
            },
            "timeAtResidence": {
              "type": "string"
            },
            "unitNumber": {
              "type": "string"
            },
            "zipCode": {
              "type": "string"
            }
          },
          "required": [
            "city",
            "state",
            "zipCode"
          ]
        },
        "masterCompanySymbol": {
          "type": "string"
        },
        "personalInfoSegments": {
          "type": "object",
          "properties": {
            "age": {
              "type": "string"
            },
            "dateOfBirth": {
              "type": "string"
            },
            "socialSecurityNumber": {
              "type": "string"
            }
          },
          "required": [
            "dateOfBirth",
            "socialSecurityNumber"
          ]
        },
        "previousAddress": {
          "type": "object",
          "properties": {
            "addressStatus": {
              "type": "string"
            },
            "addressType": {
              "type": "string"
            },
            "boxNumber": {
              "type": "string"
            },
            "city": {
              "type": "string"
            },
            "houseNumber": {
              "type": "string"
            },
            "postDirectional": {
              "type": "string"
            },
            "postOfficeBoxNumber": {
              "type": "string"
            },
            "preDirection": {
              "type": "string"
            },
            "ruralRouteNumber": {
              "type": "string"
            },
            "state": {
              "type": "string"
            },
            "streetName": {
              "type": "string"
            },
            "streetType": {
              "type": "string"
            },
            "timeAtResidence": {
              "type": "string"
            },
            "unitNumber": {
              "type": "string"
            },
            "zipCode": {
              "type": "string"
            }
          },
          "required": [
            "city",
            "state",
            "zipCode"
          ]
        },
        "primaryApplicant": {
          "type": "object",
          "properties": {
            "previousTelephoneNumber": {
              "type": "object",
              "properties": {
                "contactPointAsString": {
                  "type": "string"
                }
              },
              "required": [
                "contactPointAsString"
              ]
            },
            "basicPersonSummary": {
              "type": "object",
              "properties": {
                "enterpriseCustomerNumber": {
                  "type": "string"
                },
                "enterpriseCustomerPassword": {
                  "type": "string"
                },
                "personName": {
                  "type": "object",
                  "properties": {
                    "firstName": {
                      "type": "string"
                    },
                    "lastName": {
                      "type": "string"
                    },
                    "middleName": {
                      "type": "string"
                    },
                    "prefix": {
                      "type": "string"
                    },
                    "suffix": {
                      "type": "string"
                    }
                  },
                  "required": [
                    "firstName",
                    "lastName",
                    "middleName"
                  ]
                }
              },
              "required": [
                "personName"
              ]
            },
            "electronicAddress": {
              "type": "object",
              "properties": {
                "contactPointAsString": {
                  "type": "string"
                }
              },
              "required": [
                "contactPointAsString"
              ]
            },
            "telephoneNumber": {
              "type": "object",
              "properties": {
                "contactPointAsString": {
                  "type": "string"
                }
              },
              "required": [
                "contactPointAsString"
              ]
            }
          },
          "required": [
            "basicPersonSummary"
          ]
        },
        "producerCode": {
          "type": "string"
        },
        "quoteModule": {
          "type": "string"
        },
        "quotePolicy": {
          "type": "string"
        },
        "quoteSymbol": {
          "type": "string"
        },
        "requestingProgram": {
          "type": "string"
        },
        "serverIdentifier": {
          "type": "string"
        }
      },
      "required": [
        "requestHeader",
        "companySymbol",
        "creditScoreModelReference",
        "creditScoreVariable",
        "creditState",
        "currentAddress",
        "masterCompanySymbol",
        "personalInfoSegments",
        "primaryApplicant",
        "producerCode",
        "requestingProgram"
      ]
    }
  },
  "required": [
    "retrieveCustomerCreditScore"
  ]
}