{
  "$schema": "http://json-schema.org/draft-04/schema#",
  "type": "object",
  "properties": {
    "retrieveCustomerCreditScoreResponse": {
      "type": "object",
      "properties": {
        "responseHeader": {
          "type": "object",
          "properties": {
            "messageReference": {
              "type": "string"
            },
            "code": {
              "type": "string"
            },
            "context": {
              "type": "string"
            },
            "description": {
              "type": "string"
            },
            "externalReference": {
              "type": "string"
            }
          },
          "required": [
            "messageReference",
            "code",
            "context",
            "description",
            "externalReference"
          ]
        },
        "addressSegments": {
          "type": "object",
          "properties": {
            "addressStatus": {
              "type": "string"
            },
            "addressReference": {
              "type": "string"
            },
            "addressType": {
              "type": "string"
            },
            "unitNumber": {
              "type": "string"
            },
            "boxNumber": {
              "type": "string"
            },
            "city": {
              "type": "string"
            },
            "dateReported": {
              "type": "string"
            },
            "houseNumber": {
              "type": "string"
            },
            "postDirectional": {
              "type": "string"
            },
            "preDirection": {
              "type": "string"
            },
            "residenceInTimeAsString": {
              "type": "string"
            },
            "residenceOutTimeAsString": {
              "type": "string"
            },
            "ruralRouteNumber": {
              "type": "string"
            },
            "sourceIndicator": {
              "type": "string"
            },
            "state": {
              "type": "string"
            },
            "streetName": {
              "type": "string"
            },
            "streetType": {
              "type": "string"
            },
            "timeAtResidence": {
              "type": "string"
            },
            "zipCode": {
              "type": "string"
            }
          },
          "required": [
            "addressStatus",
            "addressReference",
            "addressType",
            "unitNumber",
            "boxNumber",
            "city",
            "dateReported",
            "houseNumber",
            "postDirectional",
            "preDirection",
            "residenceInTimeAsString",
            "residenceOutTimeAsString",
            "ruralRouteNumber",
            "sourceIndicator",
            "state",
            "streetName",
            "streetType",
            "timeAtResidence",
            "zipCode"
          ]
        },
        "companySymbol": {
          "type": "string"
        },
        "creditScoreModel": {
          "type": "object",
          "properties": {
            "systemCreationDateTime": {
              "type": "string"
            },
            "typeCode": {
              "type": "string"
            },
            "externalReference": {
              "type": "string"
            },
            "status": {
              "type": "object",
              "properties": {
                "additionalDescription": {
                  "type": "string"
                },
                "statusAsString": {
                  "type": "string"
                },
                "state": {
                  "type": "string"
                }
              },
              "required": [
                "additionalDescription",
                "statusAsString",
                "state"
              ]
            },
            "creditScore": {
              "type": "string"
            },
            "partyCreditScoreElement": {
              "type": "object",
              "properties": {
                "scoreType": {
                  "type": "string"
                }
              },
              "required": [
                "scoreType"
              ]
            }
          },
          "required": [
            "systemCreationDateTime",
            "typeCode",
            "externalReference",
            "status",
            "creditScore",
            "partyCreditScoreElement"
          ]
        },
        "creditScoreVariable": {
          "type": "array",
          "items": {
            "type": "object",
            "properties": {
              "name": {
                "type": "string"
              },
              "value": {
                "type": "string"
              }
            },
            "required": [
              "name",
              "value"
            ]
          }
        },
        "facetCreditScoreModel": {
          "type": "array",
          "items": {
            "type": "object",
            "properties": {
              "typeName": {
                "type": "string"
              },
              "creditScore": {
                "type": "string"
              }
            },
            "required": [
              "typeName",
              "creditScore"
            ]
          }
        },
        "headerSegment": {
          "type": "object",
          "properties": {
            "vendorAlert": {
              "type": "string"
            },
            "vendorCustomerNumber": {
              "type": "string"
            },
            "vendorQualifier": {
              "type": "string"
            },
            "vendorSource": {
              "type": "string"
            }
          },
          "required": [
            "vendorAlert",
            "vendorCustomerNumber",
            "vendorQualifier",
            "vendorSource"
          ]
        },
        "homeOwnerVerifiedIndicator": {
          "type": "string"
        },
        "masterCompanySymbol": {
          "type": "string"
        },
        "modelScoreSegments": {
          "type": "object",
          "properties": {
            "scoreReasonCode1": {
              "type": "string"
            },
            "scoreReasonCode2": {
              "type": "string"
            },
            "scoreReasonCode3": {
              "type": "string"
            },
            "scoreReasonCode4": {
              "type": "string"
            }
          },
          "required": [
            "scoreReasonCode1",
            "scoreReasonCode2",
            "scoreReasonCode3",
            "scoreReasonCode4"
          ]
        },
        "primaryApplicant": {
          "type": "object",
          "properties": {
            "basicPersonSummary": {
              "type": "object",
              "properties": {
                "person": {
                  "type": "object",
                  "properties": {
                    "occupations": {
                      "type": "object",
                      "properties": {
                        "comments": {
                          "type": "string"
                        }
                      },
                      "required": [
                        "comments"
                      ]
                    }
                  },
                  "required": [
                    "occupations"
                  ]
                }
              },
              "required": [
                "person"
              ]
            }
          },
          "required": [
            "basicPersonSummary"
          ]
        },
        "producerCode": {
          "type": "string"
        },
        "responseDateAsString": {
          "type": "string"
        },
        "responseTimeAsString": {
          "type": "string"
        },
        "transactionNotification": {
          "type": "object",
          "properties": {
            "transactionCode": {
              "type": "string"
            },
            "transactionId": {
              "type": "string"
            },
            "transactionStatus": {
              "type": "string"
            },
            "uniqueTransactionName": {
              "type": "string"
            },
            "remark": {
              "type": "object",
              "properties": {
                "messageCode": {
                  "type": "string"
                },
                "messageDate": {
                  "type": "string"
                },
                "messageNumber": {
                  "type": "string"
                },
                "messageReferenceID": {
                  "type": "string"
                },
                "messageReferenceName": {
                  "type": "string"
                },
                "messageText": {
                  "type": "string"
                },
                "messageType": {
                  "type": "string"
                }
              },
              "required": [
                "messageCode",
                "messageDate",
                "messageNumber",
                "messageReferenceID",
                "messageReferenceName",
                "messageText",
                "messageType"
              ]
            }
          },
          "required": [
            "transactionCode",
            "transactionId",
            "transactionStatus",
            "uniqueTransactionName",
            "remark"
          ]
        }
      },
      "required": [
        "responseHeader",
        "addressSegments",
        "companySymbol",
        "creditScoreModel",
        "creditScoreVariable",
        "facetCreditScoreModel",
        "headerSegment",
        "homeOwnerVerifiedIndicator",
        "masterCompanySymbol",
        "modelScoreSegments",
        "primaryApplicant",
        "producerCode",
        "responseDateAsString",
        "responseTimeAsString",
        "transactionNotification"
      ]
    }
  },
  "required": [
    "retrieveCustomerCreditScoreResponse"
  ]
}