{
  "$schema": "http://json-schema.org/draft-04/schema#",
  "type": "object",
  "properties": {
    "DocProcessingMessage": {
      "type": "object",
      "properties": {
        "UploadEfnolDocument": {
          "type": "object",
          "properties": {
            "RecordId": {
              "type": "string",
              "description": "Salesforce record id. This is unique field"
            },
            "AttachmentID": {
              "type": "string",
              "description": "Document Attachement ID"
            },
            "ClaimNumber": {
              "type": "string",
              "description": "Claim Number"
            },
            "ClaimUnitList": {
              "type": "object",
              "description": "This object is used for one or multiple claim units for index document upload notification service",
              "properties": {
                "ClaimUnitNumber": {
                  "type": "array",
                  "items": {
                    "type": "string",
                    "description": "Claim units details for claim number"
                  }
                }
              },
              "required": [
                "ClaimUnitNumber"
              ]
            },
            "ContactCRNId": {
              "type": "string",
              "description": "Contact CRN ID"
            },
            "DocDescription": {
              "type": "string",
              "description": "Salesforce always sends this field but this is optional from DocProc side"
            },
            "DocType": {
              "type": "string"
            },
            "SubType": {
              "type": "string",
              "description": "Salesforce always sends this field but this is optional from DocProc side"
            },
            "FileName": {
              "type": "string"
            },
            "Sender": {
              "type": "string",
              "description": "EFNOL will send as 'EFNOL'"
            },
            "Source": {
              "type": "string",
              "description": "Optional from DocProc side.This field value could be 'Internal' or 'EFNOL'"
            },
            "State": {
              "type": "string"
            },
            "UploadStatus": {
              "type": "string"
            },
            "ClaimSource": {
              "type": "string",
              "description": "EFNOL will always send HEART for this field till Guidewire comes live"
            }
          },
          "required": [
            "RecordId",
            "AttachmentID",
            "ContactCRNId",
            "DocType",
            "FileName",
            "Sender"
          ]
        }
      },
      "required": [
        "UploadEfnolDocument"
      ]
    }
  },
  "required": [
    "DocProcessingMessage"
  ]
}