{
  "definitions": {},
  "$schema": "http://json-schema.org/draft-06/schema#",
  "$id": "http://example.com/example.json",
  "type": "object",
  "properties": {
    "Criteria": {
      "$id": "/properties/Criteria",
      "type": "object",
      "properties": {
        "contractType": {
          "$id": "/properties/Criteria/properties/contractType",
          "type": "string",
          "title": "The Contracttype Schema",
          "description": "An explanation about the purpose of this instance.",
          "default": "",
          "examples": [
            "?"
          ]
        },
        "contractNumber": {
          "$id": "/properties/Criteria/properties/contractNumber",
          "type": "string",
          "title": "The Contractnumber Schema",
          "description": "An explanation about the purpose of this instance.",
          "default": "",
          "examples": [
            "?"
          ]
        },
        "inquiryLevel": {
          "$id": "/properties/Criteria/properties/inquiryLevel",
          "type": "string",
          "title": "The Inquirylevel Schema",
          "description": "An explanation about the purpose of this instance.",
          "default": "",
          "examples": [
            "?"
          ]
        },
        "policyStatus": {
          "$id": "/properties/Criteria/properties/policyStatus",
          "type": "string",
          "title": "The Policystatus Schema",
          "description": "An explanation about the purpose of this instance.",
          "default": "",
          "examples": [
            "?"
          ]
        },
        "roleType": {
          "$id": "/properties/Criteria/properties/roleType",
          "type": "string",
          "title": "The Roletype Schema",
          "description": "An explanation about the purpose of this instance.",
          "default": "",
          "examples": [
            "?"
          ]
        }
      }
    }
  }
}