{
	"claim": {
		"claimReferenceId": "ZFS-1-7KT0MON",
		"contacts": [
			{
				"contactReferenceId": "ZFS-1-7KT0MPO",
				"firstName": "Jhon",
				"middleName": "jhony",
				"lastName": "Smith",
				"relationshipToInsured": "Self",
				"personRole": "Insured",
				"phone": "3333333333",
				"email": "jhon.smith@farm.com",
				"fax": "122334",
				"address": [
					{
						"addressLines": "7899 HUGUENOT CT",
						"city": "SEVERN",
						"state": "MD",
						"country": "USA",
						"postalCode": "21144"
					}
				],
				"properties": [
					{
						"propertyReferenceId": "ZFS-1-7KT0MPZ",
						"vehicle": {
							"vin": "1FDKE30M5MHA74080",
							"make": "FORD",
							"model": "E350",
							"year": "2012",
							"isvehicleDrivable": "false"
						},
						"address": [
							{
								"addressLines": "7899 HUGUENOT CT",
								"city": "SEVERN",
								"state": "MD",
								"country": "USA",
								"postalCode": "21144"
							}
						]
					}
				]
			}
		]
	}
}