{
"searchCriteria" : {
                                "Policies": [
                                                {
                                                                "policyNumber" : "0174048026",
                                                                "brand": "FI "
                                                },
                                                {
                                                  "policyNumber" : "0401385027",
                                                                "brand": "FI"
                                                }
                                            ]
                   }

}
